0,0
0.001,24.736012116439085
0.002,20.897494769921185
0.0030000000000000001,14.865382423249482
0.0040000000000000001,7.0390462504903422
0.0050000000000000001,0
0.0060000000000000001,-3.8959108343009241
0.0070000000000000001,-10.953466901835881
0.0080000000000000002,-16.454821762762148
0.0090000000000000011,-15.906933282931458
0.01,-16.460776968020443
0.011000000000000001,-14.690197314382425
0.012,-14.231380980430949
0.013000000000000001,-10.330084265298577
0.014,-2.73901325767239
0.015000000000000001,0
0.016,0.3987392462320134
0.017000000000000001,7.2130881001472176
0.018000000000000002,11.118059418982321
0.019000000000000003,10.620131142635719
0.02,9.9320984807028072
0.021000000000000001,9.4537867776801257
0.022000000000000002,9.7614276530977229
0.023000000000000003,7.3849262086932228
0.024,0.021501286722427793
0.025000000000000001,0
0.026000000000000002,0
0.027000000000000003,-4.8249074855948093
0.028000000000000001,-7.6946464136667148
0.029000000000000001,-7.3266294440019699
0.030000000000000002,-5.7375770860147934
0.031000000000000003,-6.4458345628421849
0.032000000000000001,-6.8677266144069176
0.033000000000000002,-5.056192649587091
0.034000000000000002,0
0.035000000000000003,0
0.036000000000000004,0
0.037000000000000005,3.2776154572244849
0.038000000000000006,5.4465061017206908
0.039,5.163854088620587
0.040000000000000001,3.0682115727855259
0.041000000000000002,4.4585957047644333
0.042000000000000003,4.9563455200119151
0.043000000000000003,3.2172962413434654
0.044000000000000004,0
0.045000000000000005,0
0.046000000000000006,0
0.047000000000000007,-1.9209480356694359
0.048000000000000001,-3.9471594215234478
0.049000000000000002,-3.7213224095141619
0.050000000000000003,-1.3963740546529821
0.051000000000000004,-3.1280744448019648
0.052000000000000005,-3.6763394877018976
0.053000000000000005,-1.9858302290786485
0.054000000000000006,0
0.055000000000000007,0
0.056000000000000001,0
0.057000000000000002,0.88059853105704056
0.058000000000000003,2.9363794267574717
0.059000000000000004,2.7485592723939143
0.060000000000000005,0.37727254788434483
0.061000000000000006,2.2294795990398328
0.062000000000000006,2.8104046392520572
0.063,1.1527610720642976
0.064000000000000001,0
0.065000000000000002,0
0.066000000000000003,0
0.067000000000000004,-0.2623264973212357
0.068000000000000005,-2.2461453354904624
0.069000000000000006,-2.0849690225265669
0.070000000000000007,0
0.071000000000000008,-1.6078449039585709
0.072000000000000008,-2.214556473476049
0.073000000000000009,-0.57946219217016892
0.07400000000000001,0
0.075000000000000011,0
0.076000000000000012,0
0.077000000000000013,0.0086014940798689044
0.078,1.7584552795929165
0.079000000000000001,1.6155174597915372
0.080000000000000002,0
0.081000000000000003,1.167825381917857
0.082000000000000003,1.7872505165101953
0.083000000000000004,0.16839659096774404
0.084000000000000005,0
0.085000000000000006,0
0.086000000000000007,0
0.087000000000000008,0
0.088000000000000009,-1.4013351858830156
0.08900000000000001,-1.2710384839006474
0.090000000000000011,0
0.091000000000000011,-0.84623595391651685
0.092000000000000012,-1.4702291405222991
0.093000000000000013,0
0.094000000000000014,0
0.095000000000000001,0
0.096000000000000002,0
0.097000000000000003,0
0.098000000000000004,1.129698049697939
0.099000000000000005,1.0107529099260579
0.10000000000000001,0
0.10100000000000001,0.59606906419488193
0.10200000000000001,1.2288338502584515
0.10300000000000001,0
0.10400000000000001,0
0.10500000000000001,0
0.10600000000000001,0
0.10700000000000001,0
0.10800000000000001,-0.9205833912479271
0.10900000000000001,-0.80922190560315788
0.11000000000000001,0
0.11100000000000002,-0.40668452431046148
0.112,-1.0405824342473671
0.113,0
0.114,0
0.115,0
0.11600000000000001,0
0.11700000000000001,0
0.11800000000000001,0.7578466154258976
0.11900000000000001,0.64992008542418478
0.12000000000000001,0
0.12100000000000001,0.2715276338879522
0.12200000000000001,0.89079192506944116
0.12300000000000001,0
0.12400000000000001,0
0.125,0
0.126,0
0.127,0
0.128,-0.62791874958442473
0.129,-0.5218700623268171
0.13,0
0.13100000000000001,-0.17747244822931862
0.13200000000000001,-0.76964159050992298
0.13300000000000001,0
0.13400000000000001,0
0.13500000000000001,0
0.13600000000000001,0
0.13700000000000001,0
0.13800000000000001,0.52103705111503928
0.13900000000000001,0.41740106898923041
0.14000000000000001,0
0.14100000000000001,0.10948759635070454
0.14200000000000002,0.6703394469313726
0.14300000000000002,0
0.14400000000000002,0
0.14500000000000002,0
0.14600000000000002,0
0.14700000000000002,0
0.14800000000000002,-0.43175272402238613
0.14900000000000002,-0.33105853653274858
0.15000000000000002,0
0.15100000000000002,-0.058705345839340117
0.15200000000000002,-0.58802327162021162
0.15300000000000002,0
0.15400000000000003,0
0.155,0
0.156,0
0.157,0
0.158,0.35718702967824306
0.159,0.25887922282270193
0.16,0
0.161,0.023001915125313573
0.16200000000000001,0.51907253832141342
0.16300000000000001,0
0.16400000000000001,0
0.16500000000000001,0
0.16600000000000001,0
0.16700000000000001,0
0.16800000000000001,-0.29543423961237397
0.16900000000000001,-0.19791357223561817
0.17000000000000001,0
0.17100000000000001,-0.0034301472639247884
0.17200000000000001,-0.46072950804097895
0.17300000000000001,0
0.17400000000000002,0
0.17500000000000002,0
0.17600000000000002,0
0.17700000000000002,0
0.17800000000000002,0.24479794719126785
0.17900000000000002,0.14593314033012747
0.18000000000000002,0
0.18100000000000002,0
0.18200000000000002,0.4108783387314025
0.18300000000000002,0
0.18400000000000002,0
0.18500000000000003,0
0.18600000000000003,0
0.18700000000000003,0
0.18800000000000003,-0.20350846648813245
0.18900000000000003,-0.10123974854687799
0.19,0
0.191,0
0.192,-0.36789926673197099
0.193,0
0.19400000000000001,0
0.19500000000000001,0
0.19600000000000001,0
0.19700000000000001,0
0.19800000000000001,0.16980431632725093
0.19900000000000001,0.062525998789217455
0.20000000000000001,0
0.20100000000000001,0
0.20200000000000001,0.33055123114060436
0.20300000000000001,0
0.20400000000000001,0
0.20500000000000002,0
0.20600000000000002,0
0.20700000000000002,0
0.20800000000000002,-0.14210743718255481
0.20900000000000002,-0.028771174270417362
0.21000000000000002,0
0.21100000000000002,0
0.21200000000000002,-0.29787432074583342
0.21300000000000002,0
0.21400000000000002,0
0.21500000000000002,0
0.21600000000000003,0
0.21700000000000003,0
0.21800000000000003,0.11911517978814072
0.21900000000000003,0
0.22000000000000003,0
0.22100000000000003,0
0.22200000000000003,0.26911526882942721
0.22300000000000003,0
0.224,0
0.22500000000000001,0
0.22600000000000001,0
0.22700000000000001,0
0.22800000000000001,-0.099806645568391222
0.22900000000000001,0
0.23000000000000001,0
0.23100000000000001,0
0.23200000000000001,-0.24367395843695197
0.23300000000000001,0
0.23400000000000001,0
0.23500000000000001,0
0.23600000000000002,0
0.23700000000000002,0
0.23800000000000002,0.08340874421629943
0.23900000000000002,0
0.24000000000000002,0
0.24100000000000002,0
0.24200000000000002,0.22106549429614517
0.24300000000000002,0
0.24400000000000002,0
0.24500000000000002,0
0.24600000000000002,0
0.24700000000000003,0
0.24800000000000003,-0.069350708647423667
0.24900000000000003,0
0.25,0
0.251,0
0.252,-0.20089298004509984
0.253,0
0.254,0
0.255,0
0.25600000000000001,0
0.25700000000000001,0
0.25800000000000001,0.057218705765906874
0.25900000000000001,0
0.26000000000000001,0
0.26100000000000001,0
0.26200000000000001,0.18282769285361847
0.26300000000000001,0
0.26400000000000001,0
0.26500000000000001,0
0.26600000000000001,0
0.26700000000000002,0
0.26800000000000002,-0.046715053972033217
0.26900000000000002,0
0.27000000000000002,0
0.27100000000000002,0
0.27200000000000002,-0.16659450579817722
0.27300000000000002,0
0.27400000000000002,0
0.27500000000000002,0
0.27600000000000002,0
0.27700000000000002,0
0.27800000000000002,0.037624182337668177
0.27900000000000003,0
0.28000000000000003,0
0.28100000000000003,0
0.28200000000000003,0.15196108000362779
0.28300000000000003,0
0.28400000000000003,0
0.28500000000000003,0
0.28600000000000003,0
0.28700000000000003,0
0.28800000000000003,-0.029786122032696528
0.28900000000000003,0
0.29000000000000004,0
0.29100000000000004,0
0.29200000000000004,-0.13872976058030342
0.29300000000000004,0
0.29400000000000004,0
0.29500000000000004,0
0.29600000000000004,0
0.29700000000000004,0
0.29800000000000004,0.023077196527399396
0.29900000000000004,0
0.30000000000000004,0
0.30100000000000005,0
0.30200000000000005,0.12673139976622599
0.30300000000000005,0
0.30400000000000005,0
0.30500000000000005,0
0.30600000000000005,0
0.30700000000000005,0
0.30800000000000005,-0.017396789056919569
0.30900000000000005,0
0.31,0
0.311,0
0.312,-0.11582055702331795
0.313,0
0.314,0
0.315,0
0.316,0
0.317,0
0.318,0.01265877110214679
0.31900000000000001,0
0.32000000000000001,0
0.32100000000000001,0
0.32200000000000001,0.10587169306396649
0.32300000000000001,0
0.32400000000000001,0
0.32500000000000001,0
0.32600000000000001,0
0.32700000000000001,0
0.32800000000000001,-0.0087862426219660339
0.32900000000000001,0
0.33000000000000002,0
0.33100000000000002,0
0.33200000000000002,-0.09677609771852265
0.33300000000000002,0
0.33400000000000002,0
0.33500000000000002,0
0.33600000000000002,0
0.33700000000000002,0
0.33800000000000002,0.0057084767251984209
0.33900000000000002,0
0.34000000000000002,0
0.34100000000000003,0
0.34200000000000003,0.088439371231580508
0.34300000000000003,0
0.34400000000000003,0
0.34500000000000003,0
0.34600000000000003,0
0.34700000000000003,0
0.34800000000000003,-0.003359253907432773
0.34900000000000003,0
0.35000000000000003,0
0.35100000000000003,0
0.35200000000000004,-0.080779335649922485
0.35300000000000004,0
0.35400000000000004,0
0.35500000000000004,0
0.35600000000000004,0
0.35700000000000004,0
0.35800000000000004,0.0016760259218796547
0.35900000000000004,0
0.36000000000000004,0
0.36100000000000004,0
0.36200000000000004,0.073724285465579853
0.36300000000000004,0
0.36400000000000005,0
0.36500000000000005,0
0.36600000000000005,0
0.36700000000000005,0
0.36800000000000005,-0.00059954629347663282
0.36900000000000005,0
0.37000000000000005,0
0.37100000000000005,0
0.37200000000000005,-0.067211513239680276
0.37300000000000005,0
0.37400000000000005,0
0.37500000000000006,0
0.37600000000000006,0
0.37700000000000006,0
0.37800000000000006,7.3741174042664582e-05
0.379,0
0.38,0
0.38100000000000001,0
0.38200000000000001,0.061186059811949293
0.38300000000000001,0
0.38400000000000001,0
0.38500000000000001,0
0.38600000000000001,0
0.38700000000000001,0
0.38800000000000001,0
0.38900000000000001,0
0.39000000000000001,0
0.39100000000000001,0
0.39200000000000002,-0.05559965069952516
0.39300000000000002,0
0.39400000000000002,0
0.39500000000000002,0
0.39600000000000002,0
0.39700000000000002,0
0.39800000000000002,0
0.39900000000000002,0
0.40000000000000002,0
0.40100000000000002,0
0.40200000000000002,0.050409788323877609
0.40300000000000002,0
0.40400000000000003,0
0.40500000000000003,0
0.40600000000000003,0
0.40700000000000003,0
0.40800000000000003,0
0.40900000000000003,0
0.41000000000000003,0
0.41100000000000003,0
0.41200000000000003,-0.045578975647379255
0.41300000000000003,0
0.41400000000000003,0
0.41500000000000004,0
0.41600000000000004,0
0.41700000000000004,0
0.41800000000000004,0
0.41900000000000004,0
0.42000000000000004,0
0.42100000000000004,0
0.42200000000000004,0.041074050713504263
0.42300000000000004,0
0.42400000000000004,0
0.42500000000000004,0
0.42600000000000005,0
0.42700000000000005,0
0.42800000000000005,0
0.42900000000000005,0
0.43000000000000005,0
0.43100000000000005,0
0.43200000000000005,-0.03686561606502807
0.43300000000000005,0
0.43400000000000005,0
0.43500000000000005,0
0.43600000000000005,0
0.43700000000000006,0
0.43800000000000006,0
0.43900000000000006,0
0.44000000000000006,0
0.44100000000000006,0
0.44200000000000006,0.032927548447098866
0.44300000000000006,0
0.44400000000000006,0
0.44500000000000006,0
0.44600000000000006,0
0.44700000000000006,0
0.44800000000000001,0
0.44900000000000001,0
0.45000000000000001,0
0.45100000000000001,0
0.45200000000000001,-0.0292365777688849
0.45300000000000001,0
0.45400000000000001,0
0.45500000000000002,0
0.45600000000000002,0
0.45700000000000002,0
0.45800000000000002,0
0.45900000000000002,0
0.46000000000000002,0
0.46100000000000002,0
0.46200000000000002,0.025771924492658093
0.46300000000000002,0
0.46400000000000002,0
0.46500000000000002,0
0.46600000000000003,0
0.46700000000000003,0
0.46800000000000003,0
0.46900000000000003,0
0.47000000000000003,0
0.47100000000000003,0
0.47200000000000003,-0.022514987940137631
0.47300000000000003,0
0.47400000000000003,0
0.47500000000000003,0
0.47600000000000003,0
0.47700000000000004,0
0.47800000000000004,0
0.47900000000000004,0
0.48000000000000004,0
0.48100000000000004,0
0.48200000000000004,0.019449077153320851
0.48300000000000004,0
0.48400000000000004,0
0.48500000000000004,0
0.48600000000000004,0
0.48700000000000004,0
0.48800000000000004,0
0.48900000000000005,0
0.49000000000000005,0
0.49100000000000005,0
0.49200000000000005,-0.016559179085765218
0.49300000000000005,0
0.49400000000000005,0
0.49500000000000005,0
0.49600000000000005,0
0.49700000000000005,0
0.49800000000000005,0
0.49900000000000005,0
0.5,0
0.501,0
0.502,0.17363926072431465
0.503,0
0.504,0
0.505,0
0.50600000000000001,0
0.50700000000000001,0
0.50800000000000001,0
0.50900000000000001,0
0.51000000000000001,0
0.51100000000000001,0
0.51200000000000001,-0.13712634067522611
0.51300000000000001,0
0.51400000000000001,0
0.51500000000000001,0
0.51600000000000001,0
0.51700000000000002,0
0.51800000000000002,0
0.51900000000000002,0
0.52000000000000002,0
0.52100000000000002,0
0.52200000000000002,0.1086256721827077
0.52300000000000002,0
0.52400000000000002,0
0.52500000000000002,0
0.52600000000000002,0
0.52700000000000002,0
0.52800000000000002,0
0.52900000000000003,0
0.53000000000000003,0
0.53100000000000003,0
0.53200000000000003,-0.085857447190850159
0.53300000000000003,0
0.53400000000000003,0
0.53500000000000003,0
0.53600000000000003,0
0.53700000000000003,0
0.53800000000000003,0
0.53900000000000003,0
0.54000000000000004,0
0.54100000000000004,0
0.54200000000000004,0.067273650599057502
0.54300000000000004,0
0.54400000000000004,0
0.54500000000000004,0
0.54600000000000004,0
0.54700000000000004,0
0.54800000000000004,0
0.54900000000000004,0
0.55000000000000004,0
0.55100000000000005,0
0.55200000000000005,-0.051833981195388651
0.55300000000000005,0
0.55400000000000005,0
0.55500000000000005,0
0.55600000000000005,0
0.55700000000000005,0
0.55800000000000005,0
0.55900000000000005,0
0.56000000000000005,0
0.56100000000000005,0
0.56200000000000006,0.03881410236059929
0.56300000000000006,0
0.56400000000000006,0
0.56500000000000006,0
0.56600000000000006,0
0.56700000000000006,0
0.56800000000000006,0
0.56900000000000006,0
0.57000000000000006,0
0.57100000000000006,0
0.57200000000000006,-0.027694478942703923
0.57300000000000006,0
0.57400000000000007,0
0.57500000000000007,0
0.57600000000000007,0
0.57700000000000007,0
0.57800000000000007,0
0.57900000000000007,0
0.58000000000000007,0
0.58100000000000007,0
0.58200000000000007,0.018092981489962228
0.58300000000000007,0
0.58400000000000007,0
0.58500000000000008,0
0.58600000000000008,0
0.58700000000000008,0
0.58800000000000008,0
0.58900000000000008,0
0.59000000000000008,0
0.59100000000000008,0
0.59200000000000008,-0.0097224349047719781
0.59300000000000008,0
0.59400000000000008,0
0.59500000000000008,0
0.59600000000000009,0
0.59700000000000009,0
0.59800000000000009,0
0.59900000000000009,0
0.60000000000000009,0
0.60100000000000009,0
0.60200000000000009,0.0023629812068821604
0.60300000000000009,0
0.60400000000000009,0
0.60500000000000009,0
0.60600000000000009,0
0.6070000000000001,0
0.6080000000000001,0
0.6090000000000001,0
0.6100000000000001,0
0.6110000000000001,0
0.6120000000000001,0
0.6130000000000001,0
0.6140000000000001,0
0.6150000000000001,0
0.6160000000000001,0
0.6170000000000001,0
0.6180000000000001,0
0.61900000000000011,0
0.62,0
0.621,0
0.622,0
0.623,0
0.624,0
0.625,0
0.626,0
0.627,0
0.628,0
0.629,0
0.63,0
0.63100000000000001,0
0.63200000000000001,0
0.63300000000000001,0
0.63400000000000001,0
0.63500000000000001,0
0.63600000000000001,0
0.63700000000000001,0
0.63800000000000001,0
0.63900000000000001,0
0.64000000000000001,0
0.64100000000000001,0
0.64200000000000002,0
0.64300000000000002,0
0.64400000000000002,0
0.64500000000000002,0
0.64600000000000002,0
0.64700000000000002,0
0.64800000000000002,0
0.64900000000000002,0
0.65000000000000002,0
0.65100000000000002,0
0.65200000000000002,0
0.65300000000000002,0
0.65400000000000003,0
0.65500000000000003,0
0.65600000000000003,0
0.65700000000000003,0
0.65800000000000003,0
0.65900000000000003,0
0.66000000000000003,0
0.66100000000000003,0
0.66200000000000003,0
0.66300000000000003,0
0.66400000000000003,0
0.66500000000000004,0
0.66600000000000004,0
0.66700000000000004,0
0.66800000000000004,0
0.66900000000000004,0
0.67000000000000004,0
0.67100000000000004,0
0.67200000000000004,0
0.67300000000000004,0
0.67400000000000004,0
0.67500000000000004,0
0.67600000000000005,0
0.67700000000000005,0
0.67800000000000005,0
0.67900000000000005,0
0.68000000000000005,0
0.68100000000000005,0
0.68200000000000005,0
0.68300000000000005,0
0.68400000000000005,0
0.68500000000000005,0
0.68600000000000005,0
0.68700000000000006,0
0.68800000000000006,0
0.68900000000000006,0
0.69000000000000006,0
0.69100000000000006,0
0.69200000000000006,0
0.69300000000000006,0
0.69400000000000006,0
0.69500000000000006,0
0.69600000000000006,0
0.69700000000000006,0
0.69800000000000006,0
0.69900000000000007,0
0.70000000000000007,0
0.70100000000000007,0
0.70200000000000007,0
0.70300000000000007,0
0.70400000000000007,0
0.70500000000000007,0
0.70600000000000007,0
0.70700000000000007,0
0.70800000000000007,0
0.70900000000000007,0
0.71000000000000008,0
0.71100000000000008,0
0.71200000000000008,0
0.71300000000000008,0
0.71400000000000008,0
0.71500000000000008,0
0.71600000000000008,0
0.71700000000000008,0
0.71800000000000008,0
0.71900000000000008,0
0.72000000000000008,0
0.72100000000000009,0
0.72200000000000009,0
0.72300000000000009,0
0.72400000000000009,0
0.72500000000000009,0
0.72600000000000009,0
0.72700000000000009,0
0.72800000000000009,0
0.72900000000000009,0
0.73000000000000009,0
0.73100000000000009,0
0.7320000000000001,0
0.7330000000000001,0
0.7340000000000001,0
0.7350000000000001,0
0.7360000000000001,0
0.7370000000000001,0
0.7380000000000001,0
0.7390000000000001,0
0.7400000000000001,0
0.7410000000000001,0
0.7420000000000001,0
0.7430000000000001,0
0.74400000000000011,0
0.74500000000000011,0
0.74600000000000011,0
0.74700000000000011,0
0.74800000000000011,0
0.74900000000000011,0
0.75000000000000011,0
0.75100000000000011,0.39341640120863719
0.75200000000000011,1.6160984820757061
0.75300000000000011,3.4044456961745198
0.75400000000000011,5.4707580271683263
0.75500000000000012,7.6030548058130814
0.75600000000000012,9.540433517211163
0.75700000000000012,10.980692351824088
0.75800000000000001,11.658294199897508
0.75900000000000001,11.477494533017836
0.76000000000000001,10.405204257951109
0.76100000000000001,8.5941985735945288
0.76200000000000001,6.141084992025216
0.76300000000000001,3.2494302127383472
0.76400000000000001,0.17143922752608809
0.76500000000000001,-2.7782831625645095
0.76600000000000001,-5.2722510575425936
0.76700000000000002,-7.0774313723307021
0.76800000000000002,-8.1225171845675916
0.76900000000000002,-8.3147366685888198
0.77000000000000002,-7.6314623202484944
0.77100000000000002,-6.0652027981871637
0.77200000000000002,-3.8426911305401106
0.77300000000000002,-1.2186719339756618
0.77400000000000002,1.5295106015462387
0.77500000000000002,4.1893218093300835
0.77600000000000002,6.5198549505333947
0.77700000000000002,8.2559595563414678
0.77800000000000002,9.1635071146599749
0.77900000000000003,9.1630546789283063
0.78000000000000003,8.2426975174955643
0.78100000000000003,6.5582248547449264
0.78200000000000003,4.2274948115947941
0.78300000000000003,1.4678412997751948
0.78400000000000003,-1.4567267145256206
0.78500000000000003,-4.2269656299016845
0.78600000000000003,-6.5225518268808802
0.78700000000000003,-8.1154174601950011
0.78800000000000003,-8.9270732755269862
0.78900000000000003,-8.8753723541849965
0.79000000000000004,-7.9560687981564353
0.79100000000000004,-6.1884320548836627
0.79200000000000004,-3.8034713112586074
0.79300000000000004,-1.0620617105305241
0.79400000000000004,1.7538981241963425
0.79500000000000004,4.4203039493332632
0.79600000000000004,6.6977138324816643
0.79700000000000004,8.3355064301135222
0.79800000000000004,9.1174517927312166
0.79900000000000004,8.9770111284970966
0.80000000000000004,7.9204290089187745
0.80100000000000005,6.1117539837398658
0.80200000000000005,3.6874205154430193
0.80300000000000005,0.87648320789962497
0.80400000000000005,-2.0494416196747292
0.80500000000000005,-4.7711536652426272
0.80600000000000005,-6.9773946191738165
0.80700000000000005,-8.4488075133115306
0.80800000000000005,-9.1085427532271019
0.80900000000000005,-8.8880221471765033
0.81000000000000005,-7.8009882740968655
0.81100000000000005,-5.8901906906446699
0.81200000000000006,-3.3943260708243903
0.81300000000000006,-0.58221997800115322
0.81400000000000006,2.2585610752904373
0.81500000000000006,4.8952408894825439
0.81600000000000006,7.0897235044104274
0.81700000000000006,8.6031239449494343
0.81800000000000006,9.2353296350023601
0.81900000000000006,8.933188805851465
0.82000000000000006,7.7202146776421614
0.82100000000000006,5.7708643791351246
0.82200000000000006,3.2388085537988269
0.82300000000000006,0.36443740208419051
0.82400000000000007,-2.5736191839036016
0.82500000000000007,-5.2562710869277298
0.82600000000000007,-7.3799373489437414
0.82700000000000007,-8.7339293431594633
0.82800000000000007,-9.2462903675493209
0.82900000000000007,-8.8625269785479439
0.83000000000000007,-7.6136479685353677
0.83100000000000007,-5.5636840389094928
0.83200000000000007,-2.9606898987340182
0.83300000000000007,-0.082077301485295351
0.83400000000000007,2.778799550951109
0.83500000000000008,5.382562111644706
0.83600000000000008,7.4929302140884815
0.83700000000000008,8.8816192078237837
0.83800000000000008,9.3637102724761085
0.83900000000000008,8.8997274805825359
0.84000000000000008,7.5298941653977876
0.84100000000000008,5.4402155325511377
0.84200000000000008,2.8006658955906572
0.84300000000000008,-0.13733325955991482
0.84400000000000008,-3.0884372837766385
0.84500000000000008,-5.7334873544556899
0.84600000000000009,-7.7755583298452287
0.84700000000000009,-9.0124074946615771
0.84800000000000009,-9.3786634792714185
0.84900000000000009,-8.833994122504663
0.85000000000000009,-7.4260580966684255
0.85100000000000009,-5.2386302868331951
0.85200000000000009,-2.5299892098229204
0.85300000000000009,0.41359127171383392
0.85400000000000009,3.2929642450401593
0.85500000000000009,5.8634638438217106
0.85600000000000009,7.890946330819455
0.8570000000000001,9.1569981477048223
0.8580000000000001,9.4911409440626535
0.8590000000000001,8.8676176736834886
0.8600000000000001,7.3428858132340196
0.8610000000000001,5.1150992629748728
0.8620000000000001,2.3697762753398992
0.8630000000000001,-0.6309147357428504
0.8640000000000001,-3.5951505911144199
0.8650000000000001,-6.2035567435053389
0.8660000000000001,-8.1651467406978089
0.8670000000000001,-9.2859008106304302
0.8680000000000001,-9.5080160253132924
0.86900000000000011,-8.8052130520769261
0.87000000000000011,-7.2412899592563011
0.87100000000000011,-4.9185929582461618
0.87200000000000011,-2.1060716760083844
0.87300000000000011,0.90102743074656289
0.87400000000000011,3.797815060752737
0.87500000000000011,6.3352200768860589
0.87600000000000011,8.2814354889478192
0.87700000000000011,9.4273781213598973
0.87800000000000011,9.6163647247696815
0.87900000000000011,8.8362585020939814
0.88000000000000012,7.1593114875093313
0.88100000000000012,4.796121112289546
0.88200000000000012,1.9471066658293292
0.88300000000000012,-1.1150994199724042
0.88400000000000012,-4.0924012888394508
0.88500000000000012,-6.6650921027576064
0.88600000000000012,-8.5475991523379111
0.88700000000000012,-9.5539137716405094
0.88800000000000012,-9.6343877086318308
0.88900000000000012,-8.7765958566241569
0.89000000000000012,-7.0600117963232147
0.89100000000000013,-4.6046127947736943
0.89200000000000013,-1.6902324856329685
0.89300000000000013,1.3789050718402613
0.89400000000000013,4.2922477086201622
0.89500000000000002,6.7969437828956405
0.89600000000000002,8.6636461284632453
0.89700000000000002,9.6921684163075597
0.89800000000000002,9.7390578564204198
0.89900000000000002,8.805620494694649
0.90000000000000002,6.9794846786698859
0.90100000000000002,4.4838020445590407
0.90200000000000002,1.5333298295091939
0.90300000000000002,-1.5891118415839705
0.90400000000000003,-4.5793437728168147
0.90500000000000003,-7.1172369063474559
0.90600000000000003,-8.9222262318737844
0.90700000000000003,-9.8161113428986546
0.90800000000000003,-9.7577436376205284
0.90900000000000003,-8.7483053215578312
0.91000000000000003,-6.8825121970377676
0.91100000000000003,-4.2971809526531475
0.91200000000000003,-1.2831028723738784
0.91300000000000003,1.8465835844528655
0.91400000000000003,4.7757583352583008
0.91500000000000004,7.2482537938268106
0.91600000000000004,9.0372544198510809
0.91700000000000004,9.9511051445972214
0.91800000000000004,9.8590803602957422
0.91900000000000004,8.7757057027123633
0.92000000000000004,6.8035826229742034
0.92100000000000004,4.1784123067185108
0.92200000000000004,1.1287845116674049
0.92300000000000004,-2.0525638523206711
0.92400000000000004,-5.0555458703526259
0.92500000000000004,-7.5595421130079288
0.92600000000000005,-9.2886688072952452
0.92700000000000005,-10.072337428853626
0.92800000000000005,-9.878088541922379
0.92900000000000005,-8.7204382964995588
0.93000000000000005,-6.7089322425214615
0.93100000000000005,-3.9965432532577081
0.93200000000000005,-0.88499545658233281
0.93300000000000005,2.3037578543620407
0.93400000000000005,5.2481361684213867
0.93500000000000005,7.6890122327092278
0.93600000000000005,9.4021412774254074
0.93700000000000006,10.204079330284754
0.93800000000000006,9.9763707596792273
0.93900000000000006,8.7465118143919423
0.94000000000000006,6.6316868499531889
0.94100000000000006,3.880065686216815
0.94200000000000006,0.73360656096804355
0.94300000000000006,-2.5052984479993743
0.94400000000000006,-5.520822287996701
0.94500000000000006,-7.99180186850732
0.94600000000000006,-9.6467653019748933
0.94700000000000006,-10.322543550314858
0.94800000000000006,-9.9954527725808404
0.94900000000000007,-8.6930556702039823
0.95000000000000007,-6.5393320747522754
0.95100000000000007,-3.7028016693329198
0.95200000000000007,-0.49603980391474067
0.95300000000000007,2.7503163595846232
0.95400000000000007,5.7093374851475254
0.95500000000000007,8.1192193530699548
0.95600000000000007,9.7583028637514939
0.95700000000000007,10.451068852665262
0.95800000000000007,10.090911547829441
0.95900000000000007,8.7180321560094871
0.96000000000000008,6.46381988915895
0.96100000000000008,3.5887799218590191
0.96200000000000008,0.34780984944070248
0.96300000000000008,-2.9472983483798059
0.96400000000000008,-5.9751359684305196
0.96500000000000008,-8.4139580534114806
0.96600000000000008,-9.9964729544180315
0.96700000000000008,-10.566746011748251
0.96800000000000008,-10.109882077808543
0.96900000000000008,-8.666196339882589
0.97000000000000008,-6.3737225080625164
0.97100000000000009,-3.415973626640568
0.97200000000000009,-0.11625322221236623
0.97300000000000009,3.1862656078542724
0.97400000000000009,6.1594201846389192
0.97500000000000009,8.5389585481134365
0.97600000000000009,10.105806170910942
0.97700000000000009,10.69210623464749
0.97800000000000009,10.202712331350824
0.97900000000000009,8.690257083363818
0.98000000000000009,6.2999668170229821
0.98100000000000009,3.3045132824168402
0.9820000000000001,-0.028667024454190226
0.9830000000000001,-3.3786319015236472
0.9840000000000001,-6.4185442309540139
0.9850000000000001,-8.8260450009734477
0.9860000000000001,-10.337824806964333
0.9870000000000001,-10.805001060251893
0.9880000000000001,-10.221430557616484
0.9890000000000001,-8.6398843612373319
0.9900000000000001,-6.2120819214688767
0.9910000000000001,-3.1360209398804857
0.9920000000000001,0.25441833193023911
0.9930000000000001,3.6116868278701943
0.99400000000000011,6.5985052171642424
0.99500000000000011,8.9483647445558177
0.99600000000000011,10.444760549115966
0.99700000000000011,10.927256167944639
0.99800000000000011,10.311799310194724
0.99900000000000011,8.6631748065148084
1,6.1400898456175943
1.0010000000000001,3.0271880043951898
1.002,-0.39593341214727573
1.0030000000000001,-3.7994230839122238
1.004,-6.8511620849740655
1.0050000000000001,-9.2281567526708894
1.006,-10.670901823779703
1.0070000000000001,-11.037390399401158
1.008,-10.330157260141334
1.0090000000000001,-8.6141337226967565
1.01,-6.0543674535807614
1.0110000000000001,-2.8628702990159951
1.012,0.61607501664306952
1.0130000000000001,4.0267090460064274
1.014,7.0267543015305707
1.0150000000000001,9.3476051429334071
1.016,10.775303816130654
1.0170000000000001,11.156605359134296
1.018,10.418209315964628
1.0190000000000001,8.6367722654900163
1.02,5.9841341050672199
1.0210000000000001,2.7567012045716179
1.022,-0.75412927427381504
1.0230000000000001,-4.2098302172519322
1.024,-7.2731446198569518
1.0250000000000001,-9.6204264576596703
1.026,-10.995817298009609
1.0270000000000001,-11.264011657670514
1.028,-10.436123517194591
1.0290000000000001,-8.5889513158809851
1.03,-5.9005237122384679
1.0310000000000001,-2.5964240223678932
1.032,0.96884766923604992
1.0330000000000001,4.43149355945366
1.034,7.4443553077624411
1.0350000000000001,9.7368672573021904
1.036,11.097589633169406
1.0370000000000001,11.380254934990038
1.038,10.52198664325873
1.0390000000000001,8.6110356948389359
1.04,5.8320355406855899
1.0410000000000001,2.4929342246274366
1.042,-1.1034145606026975
1.0430000000000001,-4.6100364606513731
1.044,-7.6846713488590055
1.0450000000000002,-10.003012929239148
1.046,-11.312704499570373
1.0470000000000002,-11.484972869653376
1.048,-10.539392384694558
1.0490000000000002,-8.5643393483743822
1.05,-5.7504854456199395
1.0510000000000002,-2.3365692378706662
1.052,1.312886806387775
1.0530000000000002,4.8262225298424166
1.054,7.8515117712204159
1.0550000000000002,10.116351283991776
1.056,11.411782847355434
1.0570000000000002,11.598313769195268
1.0580000000000001,10.623179781634377
1.0590000000000002,8.5859505731043413
1.0600000000000001,5.6837242406675923
1.0610000000000002,2.2357582361940072
1.0620000000000001,-1.4439618028770269
1.0630000000000002,-5.0002376742781429
1.0640000000000001,-8.0859385960754953
1.0650000000000002,-10.376092210313665
1.0660000000000001,-11.621710417512638
1.0670000000000002,-11.700388223769991
1.0680000000000001,-10.640027333270853
1.0690000000000002,-8.5402957811173401
1.0700000000000001,-5.6041823835886868
1.0710000000000002,-2.0831836694759183
1.0720000000000001,1.6483567741012166
1.0730000000000002,5.2110899430812143
1.0740000000000001,8.2484382551976427
1.0750000000000002,10.486265018857871
1.0760000000000001,11.718055262146191
1.0770000000000002,11.810896154256703
1.0780000000000001,10.72184028132137
1.0790000000000002,8.5615023461667601
1.0800000000000001,5.5391240726901243
1.0810000000000002,1.9850389696295903
1.0820000000000001,-1.775951725763866
1.0830000000000002,-5.3806403062320243
1.0840000000000001,-8.4771537839000395
1.0850000000000002,-10.739851164511736
1.0860000000000001,-11.922991586256824
1.0870000000000002,-11.910375791063494
1.0880000000000001,-10.738090873231625
1.0890000000000002,-8.5168165126585151
1.0900000000000001,-5.4615389320825409
1.0910000000000002,-1.8361376332389092
1.0920000000000001,1.9754299889099691
1.0930000000000002,5.586299721355811
1.0940000000000001,8.6353551638705355
1.0950000000000002,10.846820041737585
1.0960000000000001,12.016581539295974
1.0970000000000002,12.018120049073818
1.0980000000000001,10.818021292994212
1.0990000000000002,8.5376762687428762
1.1000000000000001,5.3981572898358756
1.1010000000000002,1.7406374734174133
1.1020000000000001,-2.0995693961686275
1.103,-5.7514542100855515
1.1040000000000001,-8.8585295489498179
1.105,-11.094483546301758
1.1060000000000001,-12.216709220199544
1.107,-12.115055037884042
1.1080000000000001,-10.833645455328922
1.109,-8.4938953146656946
1.1100000000000001,-5.322478148516093
1.111,-1.5952972418989795
1.1120000000000001,2.2942839943909057
1.113,5.9520593963279014
1.1140000000000001,9.0124858584944825
1.115,11.198229629101583
1.1160000000000001,12.307537737705776
1.117,12.220104401046083
1.1180000000000001,10.911777259886238
1.119,8.5144578472424097
1.1200000000000001,5.2607443239899032
1.121,1.5024136691920003
1.1220000000000001,-2.4150016411353015
1.123,-6.1128940766280255
1.1240000000000001,-9.2302829033765121
1.125,-11.440187137854226
1.1260000000000001,-12.503027816379436
1.127,-12.314547941395148
1.1280000000000001,-10.926752935581408
1.129,-8.4715248485659433
1.1300000000000001,-5.1869227929714921
1.131,-1.360526877678554
1.1320000000000001,2.6050992927603236
1.133,6.3085801370244337
1.1340000000000001,9.3800540282342588
1.135,11.540706942497565
1.1360000000000001,12.59110020637452
1.137,12.416969711917789
1.1380000000000001,11.003162781272207
1.139,8.4918324721728204
1.1400000000000001,5.1268063448452779
1.141,1.2702263400352791
1.1420000000000001,-2.7224362262069004
1.143,-6.4651742446203171
1.1440000000000001,-9.5926312825770257
1.145,-11.777161251681951
1.1460000000000001,-12.782113168582175
1.147,-12.5089744201061
1.1480000000000001,-11.017473609347235
1.149,-8.4496965137512738
1.1500000000000001,-5.0547933081350109
1.151,-1.1316894118028067
1.1520000000000001,2.9080569566243408
1.153,6.656072217664267
1.1540000000000001,9.7382830388801853
1.155,11.874463530752815
1.1560000000000001,12.86744355513002
1.157,12.608835066206122
1.1580000000000001,11.092232224247439
1.159,8.4697857293715195
1.1600000000000001,4.9962630171658962
1.161,1.0439342363427357
1.1620000000000001,-3.0220601237521194
1.163,-6.8085088581241235
1.1640000000000001,-9.9457910190207084
1.165,-12.10560559425908
1.1660000000000001,-13.054131038445901
1.167,-12.698454099232563
1.1680000000000001,-11.105867034280704
1.169,-8.4284008455781887
1.1700000000000002,-4.9260108493374801
1.171,-0.90864874847675026
1.1720000000000002,3.2033384285225139
1.173,6.9947466998456198
1.1740000000000002,10.087395146713373
1.175,12.19970898166186
1.1760000000000002,13.13674117820073
1.177,12.795819001354165
1.1780000000000002,11.179040184309239
1.179,8.4483034898294651
1.1800000000000002,4.8690344544484869
1.181,0.823398307988775
1.1820000000000002,-3.3140590332704356
1.1830000000000001,-7.1431087054261875
1.1840000000000002,-10.289979954763663
1.1850000000000001,-12.425718905606512
1.1860000000000002,-13.319246620709951
1.1870000000000001,-12.883106048147861
1.1880000000000002,-11.191991446696909
1.1890000000000001,-8.4076280887768284
1.1900000000000002,-4.8004970287015372
1.1910000000000001,-0.69126929079992827
1.1920000000000002,3.4911234314983428
1.1930000000000001,7.3248114088068865
1.1940000000000002,10.427608798168233
1.1950000000000001,12.516649979433208
1.1960000000000002,13.399163945515578
1.1970000000000001,12.978038721992192
1.1980000000000002,11.26364033505836
1.1990000000000001,8.4273717169778024
1.2000000000000002,4.7450420351908509
1.2010000000000001,0.60848091773611124
1.2020000000000002,-3.5986160589553897
1.2030000000000001,-7.469184355447517
1.2040000000000002,-10.625411344886567
1.2050000000000001,-12.737698237225214
1.2060000000000002,-13.577623479649965
1.2070000000000001,-13.063046974559718
1.2080000000000002,-11.275904057774238
1.2090000000000001,-8.3873678600490855
1.2100000000000002,-4.6781742892754714
1.2110000000000001,-0.47941628738287712
1.2120000000000002,3.7715904371845728
1.2130000000000001,7.6464726468562763
1.2140000000000002,10.759140458732176
1.2150000000000001,12.825489768454613
1.2160000000000002,13.654880127457513
1.2170000000000001,13.155609792088976
1.2180000000000002,11.346085805644258
1.2190000000000001,8.4069767581673176
1.2200000000000002,4.6242082598702883
1.2210000000000001,0.39904543248996482
1.2220000000000002,-3.8759118439431521
1.2230000000000001,-7.7869420159345619
1.2240000000000002,-10.952296560621157
1.2250000000000001,-13.0417383550946
1.2260000000000002,-13.829423359658676
1.2270000000000001,-13.238392340977656
1.2280000000000002,-11.357660614208687
1.2290000000000001,-8.3676100114804761
1.2300000000000002,-4.5589662507384094
1.2310000000000001,-0.27295747560983408
1.2320000000000002,4.0449154272249945
1.2330000000000001,7.9599341251623201
1.2340000000000002,11.082202375871466
1.2350000000000001,13.12642828853841
1.2360000000000002,13.904054950774771
1.2370000000000001,13.328645467865197
1.2380000000000002,11.426428889892026
1.2390000000000001,8.3871053565589335
1.24,4.5064556725556795
1.2410000000000001,0.19495823955957725
1.242,-4.1461243957479628
1.2430000000000001,-8.0965855315526127
1.244,-11.270842362244359
1.2450000000000001,-13.338031304375525
1.246,-14.074805438708751
1.2470000000000001,-13.409254639562247
1.248,-11.437315667435808
1.2490000000000001,-8.3483437722857872
1.25,-4.4427964718364272
1.2510000000000001,-0.071761667076700064
1.252,4.3112717091681318
1.2530000000000001,8.2653954356082391
1.254,11.397003122453452
1.2550000000000001,13.419661476770319
1.256,14.146850590383012
1.2570000000000001,13.497258029700646
1.258,11.50472093716442
1.2590000000000001,8.3677442100372303
1.26,4.3917099274174127
1.2610000000000001,-0.0039127194480492733
1.262,-4.4094280462271698
1.2630000000000001,-8.3983141055431147
1.264,-11.581253892059364
1.2650000000000001,-13.626765788456542
1.266,-14.31392632734328
1.2670000000000001,-13.575745153213271
1.268,-11.51492256041686
1.2690000000000001,-8.3295586788162161
1.27,-4.3295921454155373
1.2710000000000001,0.12429987540328469
1.272,4.570829661909416
1.2730000000000001,8.5630533894186769
1.274,11.703747942175665
1.2750000000000001,13.705381495701511
1.276,14.383426143595852
1.2770000000000001,13.661556684211615
1.278,11.581012580815154
1.2790000000000001,8.3488804294385357
1.28,4.2798968385212053
1.2810000000000001,-0.19769596867546824
1.282,-4.6659940126450792
1.2830000000000001,-8.6923238898810808
1.284,-11.88373148346621
1.2850000000000001,-13.908127399492964
1.286,-14.546939944643018
1.2870000000000001,-13.73797258485806
1.288,-11.590533483572859
1.2890000000000001,-8.3112439570028016
1.29,-4.2192794367682662
1.2910000000000001,0.31535308225785208
1.292,4.8237566099496156
1.2930000000000001,8.8531006914787209
1.294,12.002637380619177
1.2950000000000002,13.983776529328262
1.296,14.61393723049739
1.2970000000000002,13.821648809705756
1.298,11.655353361324554
1.2990000000000002,8.3305015219571601
1.3,4.1709432935221145
1.3010000000000002,-0.38651822616635378
1.302,-4.9159900608713976
1.3030000000000002,-8.9788067863270129
1.304,-12.178471882645416
1.3050000000000002,-14.182298186192043
1.306,-14.773997058754375
1.3070000000000002,-13.896043350543014
1.3080000000000001,-11.664199088485596
1.3090000000000002,-8.2933889978662378
1.3100000000000001,-4.1117869027764886
1.3110000000000002,0.50152211545197289
1.3120000000000001,5.0702166265799633
1.3130000000000002,9.1357263229018741
1.3140000000000001,12.293867068401184
1.3150000000000002,14.255030278542288
1.3160000000000001,14.83853593152528
1.3170000000000002,13.977639308194421
1.3180000000000001,11.727791704996658
1.3190000000000002,8.3125951240272151
1.3200000000000001,4.0647784487721399
1.3210000000000002,-0.57050349916623766
1.3220000000000001,-5.1595804619472414
1.3230000000000002,-9.2579506725483522
1.3240000000000001,-12.46566742149308
1.3250000000000002,-14.449456447881342
1.3260000000000001,-14.995245692148922
1.3270000000000002,-14.050061921923511
1.3280000000000001,-11.735968986612258
1.3290000000000002,-8.275983220156288
1.3300000000000001,-4.0070445528339764
1.3310000000000002,0.68292780074204984
1.3320000000000001,5.3103704806848047
1.3330000000000002,9.4111154928618106
1.3340000000000001,12.577629920114399
1.3350000000000002,14.519322931834294
1.3360000000000001,15.057371300744059
1.3370000000000002,14.129631416996265
1.3380000000000001,11.798375133434966
1.3390000000000002,8.2951493708717763
1.3400000000000001,3.961332648709428
1.3410000000000002,-0.74977276355402189
1.3420000000000001,-5.3969258311773221
1.3430000000000002,-9.5299400403281744
1.3440000000000001,-12.745507047026074
1.3450000000000002,-14.709776958740793
1.3460000000000001,-15.210830610156655
1.3470000000000002,-14.200130082552153
1.3480000000000001,-11.805891629504714
1.3490000000000002,-8.2590163259877194
1.3500000000000001,-3.9049838270252231
1.3510000000000002,0.85968951333383004
1.3520000000000001,5.5443755982353089
1.3530000000000002,9.6794493600320983
1.3540000000000001,12.854113712004727
1.3550000000000002,14.776830019562878
1.3560000000000001,15.270588675626716
1.3570000000000002,14.27772551746529
1.3580000000000001,11.867150209821146
1.3590000000000002,8.278152434024264
1.3600000000000001,3.8605375592115596
1.3610000000000002,-0.92444468631713406
1.3620000000000001,-5.6281833534368761
1.3630000000000002,-9.7949541421858921
1.3640000000000001,-13.018174923386601
1.3650000000000002,-14.963430703202274
1.3660000000000001,-15.420893595034499
1.3670000000000002,-14.346347406221767
1.3680000000000001,-11.874014341428431
1.3690000000000002,-8.2424779036825324
1.3700000000000001,-3.8055380036466815
1.3710000000000002,1.0319231515204397
1.3720000000000001,5.7723856748756308
1.3730000000000002,9.9409045248520442
1.3740000000000001,13.123502054676946
1.3750000000000002,15.027723305321246
1.3760000000000001,15.478330179049749
1.377,14.422019750322653
1.3780000000000001,11.934162167747228
1.379,8.2615928858066212
1.3800000000000001,3.7623269867176301
1.381,-1.0946349189445073
1.3820000000000001,-5.8535064336552605
1.383,-10.053168877862738
1.3840000000000001,-13.283851432751462
1.385,-15.21058476454362
1.3860000000000001,-15.625573008461217
1.387,-14.488811102736532
1.3880000000000001,-11.940382885684238
1.389,-8.2263576499400344
1.3900000000000001,-3.7086405359082342
1.391,1.1997421984891172
1.3920000000000001,5.9945516669984737
1.393,10.19565448153184
1.3940000000000001,13.38597423642744
1.395,15.272170667993112
1.3960000000000001,15.680734850093103
1.397,14.562610190512876
1.3980000000000001,11.999455561526233
1.399,8.2454596716966897
1.4000000000000001,3.666635609201137
1.401,-1.2604569562586825
1.4020000000000001,-6.0730451495820521
1.403,-10.304756193662731
1.4040000000000001,-13.542712960534502
1.405,-15.451402582028198
1.4060000000000001,-15.82500444728851
1.407,-14.627616360239362
1.4080000000000001,-12.005042430837783
1.409,-8.2106458280045977
1.4100000000000001,-3.6142279219861528
1.411,1.3632583174277304
1.4120000000000001,6.2110203313028851
1.413,10.443868341878302
1.4140000000000001,13.641705427910733
1.415,15.510335555658607
1.4160000000000001,15.877937850223038
1.417,14.699590568814822
1.4180000000000001,12.063073651435243
1.419,8.2297416957516774
1.4200000000000002,3.5733998818517865
1.421,-1.422021338976112
1.4220000000000002,-6.2869460563752
1.423,-10.549883695583084
1.4240000000000002,-13.794931577630161
1.425,-15.686044034025242
1.4260000000000002,-16.019320356441806
1.427,-14.762855939599888
1.4280000000000002,-12.068036673094838
1.429,-8.1953325116295339
1.4300000000000002,-3.5222374258349607
1.431,1.5225798496595147
1.4320000000000002,6.4219355749791394
1.4330000000000001,10.685711465800958
1.4340000000000002,13.890866640363841
1.4350000000000001,15.742377925375321
1.4360000000000002,16.070071673425492
1.4370000000000001,14.833052608246833
1.4380000000000002,12.125059104196518
1.4390000000000001,8.2144285366057073
1.4400000000000002,3.4825575248165084
1.4410000000000001,-1.5794359132828877
1.4420000000000002,-6.49535199154694
1.4430000000000001,-10.788715049741196
1.4440000000000002,-14.040675326697773
1.4450000000000001,-15.914665029206375
1.4460000000000002,-16.208649905674108
1.4470000000000001,-14.894620408351479
1.4480000000000002,-12.129408367366725
1.4490000000000001,-8.1804080310982155
1.4500000000000002,-3.4326078450289916
1.4510000000000001,1.6778126911242381
1.4520000000000002,6.6274379146034015
1.4530000000000001,10.921345180992539
1.4540000000000002,14.133625038546358
1.4550000000000001,15.968453619988717
1.4560000000000002,16.257265314010844
1.4570000000000001,14.963085342458722
1.4580000000000002,12.185452964447961
1.4590000000000001,8.1995098226478511
1.4600000000000002,3.3940480921839491
1.4610000000000001,-1.7328058430281015
1.4620000000000002,-6.6984027345027535
1.4630000000000001,-11.021410251632823
1.4640000000000002,-14.280108299839549
1.4650000000000001,-16.137417838783271
1.4660000000000002,-16.393119239687699
1.4670000000000001,-15.022997986257559
1.4680000000000002,-12.189198915066459
1.4690000000000001,-8.1658627381006923
1.4700000000000002,-3.3452789985962337
1.4710000000000001,1.8290605441108116
1.4720000000000002,6.8276643336279061
1.4730000000000001,11.150926896580669
1.4740000000000002,14.370143297889037
1.4750000000000001,16.188714769873581
1.4760000000000002,16.439644694729218
1.4770000000000001,15.089776020390049
1.4780000000000002,12.244295624039161
1.4790000000000001,8.1849752783023391
1.4800000000000002,3.3078121416532582
1.4810000000000001,-1.8822343433590181
1.4820000000000002,-6.8962343234920915
1.4830000000000001,-11.24812521448678
1.4840000000000002,-14.513390846989175
1.4850000000000001,-16.354451370402046
1.4860000000000002,-16.572851744763902
1.4870000000000001,-15.148075193601063
1.4880000000000002,-12.247449026578899
1.4890000000000001,-8.151687571050978
1.4900000000000002,-3.2601929797196085
1.4910000000000001,1.976424357662987
1.4920000000000002,7.0227487031445115
1.4930000000000001,11.374610364332746
1.4940000000000002,14.600580392366048
1.4950000000000001,16.403309746593191
1.4960000000000002,16.617332745102324
1.4970000000000001,15.213210046812588
1.4980000000000002,12.301626742872516
1.4990000000000001,8.1708153262356031
1.5000000000000002,3.2237921223948014
1.5010000000000001,-2.0259900764260852
1.5020000000000002,-7.0741255766665851
1.5030000000000001,-11.421665827718135
1.5040000000000002,-14.638416564941545
1.5050000000000001,-16.38933038320225
1.5060000000000002,-16.486658653036631
1.5070000000000001,-14.927178148674763
1.5080000000000002,-11.899445673212526
1.5090000000000001,-7.7070888706647533
1.5100000000000002,-2.7702559129182163
1.5110000000000001,2.4449128458988429
1.5120000000000002,7.395381211438945
1.5130000000000001,11.579463205826137
1.5140000000000002,14.578222451135897
1.5150000000000001,16.116389314352858
1.516,16.057530394348312
1.5170000000000001,14.405611736761983
1.518,11.305579055552979
1.5190000000000001,7.0752046152504011
1.52,2.1393822824441191
1.5210000000000001,-2.979727379182652
1.522,-7.7905611067871074
1.5230000000000001,-11.819304841463515
1.524,-14.66922785645998
1.5250000000000001,-16.042896900758453
1.526,-15.7916282104913
1.5270000000000001,-13.947989567992435
1.528,-10.728987843121223
1.5290000000000001,-6.4579928886752072
1.53,-1.5631994458508363
1.5310000000000001,3.4933437141576071
1.532,8.1838480407221823
1.5330000000000001,12.032782483639769
1.534,14.654423605403201
1.5350000000000001,15.811184002203563
1.536,15.404070597729044
1.5370000000000001,13.471335131400222
1.538,10.186055387401037
1.5390000000000001,5.8837866021978442
1.54,0.9962614380476893
1.5410000000000001,-3.9594660769730847
1.542,-8.5089913276358224
1.5430000000000001,-12.204613856253371
1.544,-14.683232266575072
1.5450000000000002,-15.684340766146175
1.546,-15.096835984354271
1.5470000000000002,-12.987006997246494
1.548,-9.597876831953922
1.5490000000000002,-5.2698176607468348
1.55,-0.43637119678641234
1.5510000000000002,4.4469696431103056
1.552,8.8694875799588928
1.5530000000000002,12.382933957893634
1.554,14.635135402936442
1.5550000000000002,15.425729426976854
1.556,14.691908381159539
1.5570000000000002,12.504240621101406
1.5580000000000001,9.0614663190776419
1.5590000000000002,4.7143273194898505
1.5600000000000001,-0.10116600140925236
1.5610000000000002,-4.8752456193557077
1.5620000000000001,-9.1523981739234337
1.5630000000000002,-12.512043455337778
1.5640000000000001,-14.624893248891123
1.5650000000000002,-15.266699561505249
1.5660000000000001,-14.362485243763029
1.5670000000000002,-12.010239359565384
1.5680000000000001,-8.4766429402018382
1.5690000000000002,-4.1164581140883474
1.5700000000000001,0.63395598846857126
1.5710000000000002,5.327911693053462
1.5720000000000001,9.4733549957795784
1.5730000000000002,12.650206308593591
1.5740000000000001,14.53995057423089
1.5750000000000002,14.978794426702944
1.5760000000000001,13.938709467178199
1.5770000000000002,11.520522986037934
1.5780000000000001,7.9461479516132023
1.5790000000000002,3.5789494241163808
1.5800000000000001,-1.1432549468457402
1.5810000000000002,-5.720034319705487
1.5820000000000001,-9.7163394002224361
1.5830000000000002,-12.73954887989114
1.5840000000000001,-14.494212525193932
1.5850000000000002,-14.791537787219157
1.5860000000000001,-13.591127297360647
1.5870000000000002,-11.02060450665676
1.5880000000000001,-7.3679571744431138
1.5890000000000002,-2.9997904201129302
1.5900000000000001,1.6471324718341442
1.5910000000000002,6.1370230197563487
1.5920000000000001,9.9979041858293556
1.5930000000000002,12.838570956327375
1.5940000000000001,14.37410195803232
1.5950000000000002,14.476472972000133
1.5960000000000001,13.150925466146187
1.5970000000000002,10.526440397260799
1.5980000000000001,6.8456255291511088
1.5990000000000002,2.4819692148618735
1.6000000000000001,-2.1272609695301785
1.6010000000000002,-6.4928744255643673
1.6020000000000001,-10.201686401890184
1.6030000000000002,-12.889695595718239
1.6040000000000001,-14.295145381736589
1.6050000000000002,-14.263781320414417
1.6060000000000001,-12.788129735870369
1.6070000000000002,-10.023352451801692
1.6080000000000001,-6.2764052349855266
1.6090000000000002,-1.9232605071374227
1.6100000000000001,2.6012108983803373
1.6110000000000002,6.8740593485673172
1.6120000000000001,10.444626415783782
1.6130000000000002,12.951113035988708
1.6140000000000001,14.141984215167723
1.6150000000000002,13.924000845131687
1.6160000000000001,12.334136897945548
1.6170000000000002,9.5273627849513787
1.6180000000000001,5.764529681764575
1.6190000000000002,1.4268225654702409
1.6200000000000001,-3.0512782499012996
1.6210000000000002,-7.1935728949184936
1.6220000000000001,-10.609971575659369
1.6230000000000002,-12.965580389392926
1.6240000000000001,-14.032027308119286
1.6250000000000002,-13.688586711693642
1.6260000000000001,-11.958938913848788
1.6270000000000002,-9.0236758999420239
1.6280000000000001,-5.2064063614036051
1.6290000000000002,-0.89007337560940059
1.6300000000000001,3.4945182871014975
1.6310000000000002,7.5390441535964738
1.6320000000000001,10.815235385483355
1.6330000000000002,12.991062075251545
1.6340000000000001,13.848004390114458
1.6350000000000002,13.326546948724856
1.6360000000000001,11.493740384029392
1.6370000000000002,8.5283770529850109
1.6380000000000001,4.7071313534332155
1.6390000000000002,0.41654043213299552
1.6400000000000001,-3.9138151623180857
1.6410000000000002,-7.8223216434957337
1.6420000000000001,-10.943046641914895
1.6430000000000002,-12.970525859793801
1.6440000000000001,-13.709333657947326
1.6450000000000002,-13.071097016777911
1.6460000000000001,-11.108872099751087
1.6470000000000002,-8.0265322418363585
1.6480000000000001,-4.1620643313630623
1.6490000000000002,0.096927731211664536
1.6500000000000001,4.3257527702682239
1.6510000000000002,8.1323444903323114
1.6520000000000001,11.111724979832646
1.653,12.961835820957578
1.6540000000000001,13.49665358706809
1.655,12.689236396711385
1.6560000000000001,10.634975541999609
1.657,7.5343144414461767
1.6580000000000001,3.6773725246502487
1.659,-0.54621583752971326
1.6600000000000001,-4.7137536583069561
1.661,-8.3796526541351462
1.6620000000000001,-11.203037733712682
1.663,-12.908035945321604
1.6640000000000001,-13.331592893423039
1.665,-12.416410246694063
1.6660000000000001,-10.243086091396705
1.667,-7.0366219720127914
1.6680000000000001,-3.1471554229820065
1.669,1.0352644163166218
1.6700000000000002,5.0939777853816164
1.671,8.6546562905062991
1.6720000000000002,11.336349442582117
1.673,12.867017095385782
1.6740000000000002,13.092481478642743
1.675,12.017130513980307
1.6760000000000002,9.7629096770069523
1.677,6.5497421274326468
1.6780000000000002,2.6788656295395228
1.679,-1.4591472507238752
1.6800000000000002,-5.4503348686320825
1.681,-8.8664180959373731
1.6820000000000002,-11.392318794958218
1.6830000000000001,-12.781765897725311
1.6840000000000002,-12.903374709166668
1.6850000000000001,-11.729552313173714
1.6860000000000002,-9.3665583765807483
1.6870000000000001,-6.0583763261901513
1.6880000000000002,-2.1651247521439867
1.6890000000000001,1.9228181220281151
1.6900000000000002,5.7986086973979187
1.6910000000000001,9.1069856863145464
1.6920000000000002,11.491599787056476
1.6930000000000001,12.710328716729954
1.6940000000000002,12.64006677929077
1.6950000000000001,11.315206036624257
1.6960000000000002,8.8824213910540237
1.6970000000000001,5.5789544285479469
1.6980000000000002,1.7148928479826075
1.6990000000000001,-2.3203094346116693
1.7000000000000002,-6.1231443265244803
1.7010000000000001,-9.2837674696245003
1.7020000000000002,-11.513486703560581
1.7030000000000001,-12.595497254687352
1.7040000000000002,-12.429266566009293
1.7050000000000001,-11.015455292154011
1.7060000000000002,-8.4840709955334077
1.7070000000000001,-5.0959485616205509
1.7080000000000002,-1.2190855935279075
1.7090000000000001,2.7578219246051567
1.7100000000000002,6.4393969634805135
1.7110000000000001,9.4906260123189536
1.7120000000000002,11.58017849791945
1.7130000000000001,12.495606900365388
1.7140000000000002,12.143991145447448
1.7150000000000001,10.588333171004516
1.7160000000000002,7.9981850138494259
1.7170000000000001,4.625963817633254
1.7180000000000002,0.78840541934005692
1.7190000000000001,-3.1281052255493371
1.7200000000000002,-6.7320958220336697
1.7210000000000001,-9.633128646492068
1.7220000000000002,-11.569337305896479
1.7230000000000001,-12.353112198821787
1.7240000000000002,-11.913847724468299
1.7250000000000001,-10.278937628511404
1.7260000000000002,-7.6001968998910963
1.7270000000000001,-4.1532084335084534
1.7280000000000002,-0.31182079026296528
1.7290000000000001,3.5388520479678327
1.7300000000000002,7.0164146955617079
1.7310000000000001,9.8071390675577774
1.7320000000000002,11.604975496230516
1.7330000000000001,12.226775648442867
1.7340000000000002,11.608816667937093
1.7350000000000001,9.8412570739470251
1.7360000000000002,7.1146575679489565
1.7370000000000001,3.6945288404385845
1.7380000000000002,-0.097974119248986469
1.7390000000000001,-3.8812739555592515
1.7400000000000002,-7.2774148174567319
1.7410000000000001,-9.9161843253819448
1.7420000000000002,-11.5628399560952
1.7430000000000001,-12.058567290626421
1.7440000000000002,-11.361668180660814
1.7450000000000001,-9.5246856589452946
1.7460000000000002,-6.7192874420690094
1.7470000000000001,-3.2336504193523279
1.7480000000000002,0.55421256712716449
1.7490000000000001,4.2648171987119277
1.7500000000000002,7.530038457825607
1.7510000000000001,10.058332891357571
1.7520000000000002,11.569044101428585
1.7530000000000001,11.907824681041163
1.7540000000000002,11.039063408243264
1.7550000000000001,9.0785796071333387
1.7560000000000002,6.236067298869453
1.7570000000000001,2.7881215893669502
1.7580000000000002,-0.94194824406166155
1.7590000000000001,-4.5788812866600672
1.7600000000000002,-7.759623751826922
1.7610000000000001,-10.134851893852648
1.7620000000000002,-11.497114501496338
1.7630000000000001,-11.71587246341959
1.7640000000000002,-10.777226776956937
1.7650000000000001,-8.757236511357295
1.7660000000000002,-5.8454614086313175
1.7670000000000001,-2.3406282864819428
1.7680000000000002,1.376885054848989
1.7690000000000001,4.9349476573249191
1.7700000000000002,7.9809314653744057
1.7710000000000001,10.246238521606188
1.7720000000000002,11.47557666890366
1.7730000000000001,11.54278194734405
1.7740000000000002,10.439187709796931
1.7750000000000001,8.3047423313350865
1.7760000000000002,5.3664031457313603
1.7770000000000001,1.9098093206083462
1.7780000000000002,-1.7415364812828997
1.7790000000000001,-5.2203062380597247
1.7800000000000002,-8.179520643991026
1.7810000000000001,-10.291260670399291
1.7820000000000003,-11.375406094845706
1.7830000000000001,-11.32906380290107
1.7840000000000003,-10.164949246243891
1.7850000000000001,-7.9809627443581483
1.7860000000000003,-4.9825961962222882
1.7870000000000001,-1.477153672960215
1.7880000000000003,2.1543842992754083
1.7890000000000001,5.5487824805142321
1.79,8.3700243536164756
1.7910000000000001,10.373089789526766
1.792,11.327881359501443
1.7930000000000001,11.135693291029948
1.794,9.8135621026416988
1.7950000000000002,7.5240117756505969
1.796,4.5094060874195891
1.7970000000000002,1.062437747927591
1.798,-2.4950736424382907
1.7990000000000002,-5.8052288011867823
1.8,-8.5381617845912459
1.8010000000000002,-10.387729043455783
1.802,-11.201062635136523
1.8030000000000002,-10.90218322002379
1.804,-9.5291706600758239
1.8050000000000002,-7.2000587419506505
1.806,-4.1343207069324421
1.8070000000000002,-0.64592223208779842
1.8080000000000001,2.8852092502239017
1.8090000000000002,6.1061562203145909
1.8100000000000001,8.6984963337373387
1.8110000000000002,10.441299744647296
1.8120000000000001,11.129358320277799
1.8130000000000002,10.690599218156294
1.8140000000000001,9.1664555124409866
1.8150000000000002,6.7404645516600841
1.8160000000000001,3.6685616901227807
1.8170000000000002,0.24855644386870956
1.8180000000000001,-3.2012001780323036
1.8190000000000002,-6.3336151048250349
1.8200000000000001,-8.8368439999319843
1.8210000000000002,-10.426742659770595
1.8220000000000001,-10.977510078627116
1.8230000000000002,-10.439254596647359
1.8240000000000001,-8.8741156442500682
1.8250000000000002,-6.4185266877025544
1.8260000000000001,-3.3040078828293122
1.8270000000000002,0.15066609296362721
1.8280000000000001,3.5681630997189568
1.8290000000000002,6.6071851947688227
1.8300000000000001,8.9677582609122357
1.8310000000000002,10.453440448084828
1.8320000000000001,10.88347743924799
1.8330000000000002,10.211513149895998
1.8340000000000001,8.5020151577471186
1.8350000000000002,5.9579742701712242
1.8360000000000001,2.8470932950328294
1.8370000000000002,-0.5295777021345458
1.8380000000000001,-3.8588541037253732
1.8390000000000002,-6.8057029678682088
1.8400000000000001,-9.077083347945802
1.8410000000000002,-10.410930544458976
1.8420000000000001,-10.708228736937865
1.8430000000000002,-9.9442634505414986
1.8440000000000001,-8.2038805098971146
1.8450000000000002,-5.6401658202251621
1.8460000000000001,-2.4947701382402965
1.8470000000000002,0.91050325456383341
1.8480000000000001,4.2023449551839782
1.8490000000000002,7.0522519850292253
1.8500000000000001,9.1794286341525275
1.8510000000000002,10.412216363888334
1.8520000000000001,10.593753765944957
1.8530000000000002,9.7024006875329842
1.8540000000000001,7.8242474658804735
1.8550000000000002,5.1801979662109687
1.8560000000000001,2.0479565081739928
1.8570000000000002,-1.2700003525067842
1.8580000000000001,-4.4672608095960262
1.8590000000000002,-7.2219854117940505
1.8600000000000001,-9.2605934229304143
1.8610000000000002,-10.343042472698945
1.8620000000000001,-10.396730575783263
1.8630000000000002,-9.4211340061210453
1.8640000000000001,-7.5224177627736868
1.8650000000000002,-4.8685605918058625
1.8660000000000001,-1.7094558971247604
1.8670000000000002,1.6317747167322629
1.8680000000000001,4.7871403524729788
1.8690000000000002,7.4419899971712731
1.8700000000000001,9.3353162006485899
1.8710000000000002,10.320445179219778
1.8720000000000001,10.26372644154819
1.8730000000000002,9.1671558280719854
1.8740000000000001,7.1370007744803763
1.8750000000000002,4.4105633400242059
1.8760000000000001,1.2738345502960868
1.8770000000000002,-1.9710367639014059
1.8780000000000001,-5.0259231624881693
1.8790000000000002,-7.5831942085418262
1.8800000000000001,-9.3892668039053451
1.8810000000000002,-10.225924704090048
1.8820000000000001,-10.046533108089971
1.8830000000000002,-8.8737059039010902
1.8840000000000001,-6.8335154404083411
1.8850000000000002,-4.1070701753504917
1.8860000000000001,-0.95064404174446793
1.8870000000000002,2.3129531936486716
1.8880000000000001,5.3222130347209617
1.8890000000000002,7.7772682320995346
1.8900000000000001,9.4373956877998744
1.8910000000000002,10.181032512980245
1.8920000000000001,9.8969321605575473
1.8930000000000002,8.6095793285770412
1.8940000000000001,6.4439430369955968
1.8950000000000002,3.6522541896357161
1.8960000000000001,0.5271297422681247
1.8970000000000002,-2.6312974754952645
1.8980000000000001,-5.5346101837889838
1.8990000000000002,-7.8902810135710872
1.9000000000000001,-9.4651514511664487
1.9010000000000002,-10.062493411623034
1.9020000000000001,-9.6611323989703486
1.9030000000000002,-8.3057111218664588
1.9040000000000001,-6.1407802684007429
1.9050000000000002,-3.358816674433073
1.9060000000000001,-0.22064141792202463
1.9070000000000003,2.9527985900482472
1.9080000000000001,5.8074936174190803
1.9090000000000003,8.0591725261584131
1.9100000000000001,9.4877862882955739
1.9110000000000003,9.9969450912596383
1.9120000000000001,9.4968796693858586
1.9130000000000003,8.0333552680732208
1.9140000000000001,5.7485408427453075
1.9150000000000003,2.9081937501690724
1.9160000000000001,-0.19004312105057686
1.9170000000000003,-3.2496779679962859
1.9180000000000001,-5.9933449431718433
1.9190000000000003,-8.144397957226527
1.9200000000000002,-9.4904226814570123
1.9210000000000003,-9.8557044324083769
1.9220000000000002,-9.2439744060419997
1.9230000000000003,-7.7207461797258414
1.9240000000000002,-5.4476150387621676
1.9250000000000003,-2.6266715627112269
1.9260000000000002,0.47852454595646421
1.9270000000000003,3.5503567907475233
1.9280000000000002,6.2431739003681352
1.929,8.2889904269016892
1.9300000000000002,9.4887244722270054
1.931,9.7711832188667689
1.9320000000000002,9.0670211404349761
1.9330000000000001,7.4420194725185276
1.9340000000000002,5.0540292447109998
1.9350000000000001,2.1810207176923404
1.9360000000000002,-0.8758675525862607
1.9370000000000001,-3.8253578068542637
1.9380000000000002,-6.4023945989739151
1.9390000000000001,-8.3468770945123385
1.9400000000000002,-9.4673618120067111
1.9410000000000001,-9.6085218410284625
1.9420000000000002,-8.7984176427017413
1.9430000000000001,-7.1222347332057145
1.9440000000000002,-4.7571897449454994
1.9450000000000001,-1.9132375750796493
1.9460000000000002,1.1451125721958517
1.9470000000000001,4.1049625429094858
1.9480000000000002,6.6296986049961948
1.9490000000000001,8.4681917840985275
1.9500000000000002,9.4425349888417696
1.9510000000000001,9.5067449363660472
1.9520000000000002,8.6107140508441589
1.9530000000000001,6.8389215206635718
1.9540000000000002,4.3633748411275173
1.9550000000000001,1.4730569463826519
1.9560000000000002,-1.528848117579777
1.9570000000000001,-4.3578056714273918
1.9580000000000002,-6.7622580330631621
1.9590000000000001,-8.4992043650367251
1.9600000000000002,-9.3983155378695109
1.9610000000000001,-9.3238711069778901
1.9620000000000002,-8.3276838641769544
1.9630000000000001,-6.5133830779424233
1.9640000000000002,-4.0724014298019959
1.9650000000000001,-1.2208202630697036
1.9660000000000002,1.7776870535803617
1.9670000000000001,4.6162488810696605
1.9680000000000002,6.9677643460624115
1.9690000000000001,8.5984083834681382
1.9700000000000002,9.3515904345997605
1.9710000000000001,9.2065805284748663
1.9720000000000002,8.1311700198536521
1.9730000000000001,6.22717018103919
1.9740000000000002,3.6792118465000456
1.9750000000000001,0.78625181144717704
1.9760000000000002,-2.1478459936086152
1.9770000000000001,-4.8467915847929781
1.9780000000000002,-7.0736572782662472
1.9790000000000001,-8.6029896243997594
1.9800000000000002,-9.285652747991751
1.9810000000000001,-9.0045786937022321
1.9820000000000002,-7.8347861187126497
1.9830000000000001,-5.8971010030404676
1.9840000000000002,-3.3958079551258509
1.9850000000000001,-0.55137949206774017
1.9860000000000002,2.3751496164294634
1.9870000000000001,5.0841724854898276
1.9880000000000002,7.2583259071698505
1.9890000000000001,8.6814138779507868
1.9900000000000002,9.2182599086849741
1.9910000000000001,8.8735236715299486
1.9920000000000002,7.6313743871187434
1.9930000000000001,5.6095403408285796
1.9940000000000002,3.0037393076385959
1.9950000000000001,0.12208407526146914
1.9960000000000002,-2.7321475394244095
1.9970000000000001,-5.2924222519215833
1.9980000000000002,-7.3375337346459677
1.9990000000000001,-8.6599247519343265
2,-9.1316957932724403
2.0010000000000003,-8.6532680367146906
2.0020000000000002,-7.3224063053594977
2.0030000000000001,-5.2758751808768167
2.004,-2.7295076620427947
2.0050000000000003,0.093562922735754839
2.0060000000000002,2.9368082441042072
2.0070000000000001,5.5090678784828704
2.008,7.5026207873605095
2.0090000000000003,8.7190927557927917
2.0100000000000002,9.0448188232403517
2.0110000000000001,8.5101719841603582
2.012,7.1139423692358728
2.0130000000000003,4.9883049769637324
2.0140000000000002,2.3385218358408464
2.0150000000000001,-0.51862709540331942
2.016,-3.2816052986409616
2.0170000000000003,-5.6952149859195362
2.0180000000000002,-7.5550527452520271
2.0190000000000001,-8.671716877149068
2.02,-8.9385979851476147
2.0210000000000004,-8.2721768582861355
2.0220000000000002,-6.7926645904018272
2.0230000000000001,-4.6515130859740852
2.024,-2.0748999258583325
2.0250000000000004,0.71311725637297307
2.0260000000000002,3.4625259774997952
2.0270000000000001,5.8917731490451093
2.028,7.7022344636730322
2.0290000000000004,8.7133985376214156
2.0300000000000002,8.8332828703566939
2.0310000000000001,8.1186535897514922
2.032,6.5808234653682174
2.0330000000000004,4.3648808153990846
2.0340000000000003,1.684072787234971
2.0350000000000001,-1.1361265676530525
2.036,-3.7969403724356887
2.0370000000000004,-6.0562734865691752
2.0380000000000003,-7.7276326116785574
2.0390000000000001,-8.6399549204491297
2.04,-8.7080850852045018
2.0410000000000004,-7.8627533298097125
2.0420000000000003,-6.2466036553841615
2.0430000000000001,-4.0245650711504588
2.044,-1.4321216001726
2.0450000000000004,1.3075018100344131
2.0460000000000003,3.9531108800507422
2.0470000000000002,6.2339584597149731
2.048,7.8592680067569018
2.0490000000000004,8.6662372144441662
2.0500000000000003,8.584993953782277
2.0510000000000002,7.7000303249814941
2.052,6.032530111190928
2.0530000000000004,3.7388962712913489
2.0540000000000003,1.0387785744327838
2.0550000000000002,-1.7327501906424665
2.056,-4.2805240762699297
2.0570000000000004,-6.3777553865380074
2.0580000000000003,-7.8570395028469671
2.0590000000000002,-8.5658027200616793
2.0600000000000001,-8.4408077816816967
2.0610000000000004,-7.4246318324870524
2.0620000000000003,-5.6828801036876104
2.0630000000000002,-3.3928312730532246
2.0640000000000001,-0.79854978456596193
2.0650000000000004,1.8793196136638368
2.0660000000000003,4.4113327615969169
2.0670000000000002,6.5389680116276097
2.0680000000000001,7.9767845316783257
2.069,8.5792650770462231
2.0700000000000003,8.2996193835792305
2.0710000000000002,7.2527774855277567
2.0720000000000001,5.4662212072785348
2.073,3.105885341855279
2.0740000000000003,0.39616625147979345
2.0750000000000002,-2.3156137569185331
2.0760000000000001,-4.7384810664072807
2.077,-6.6641583690500994
2.0780000000000003,-7.9456947936982347
2.0790000000000002,-8.4491898066713986
2.0800000000000001,-8.1345616060484573
2.081,-6.9527834328148623
2.0820000000000003,-5.0940619910139855
2.0830000000000002,-2.7470932523985505
2.0840000000000001,-0.16445451329442395
2.085,2.4373087556228761
2.0860000000000003,4.8449133581137946
2.0870000000000002,6.8142377289770515
2.0880000000000001,8.0600510051724612
2.089,8.4529538053192823
2.0900000000000003,7.9717600573453105
2.0910000000000002,6.7676937864632816
2.0920000000000001,4.8690769999079828
2.093,2.4493037845518844
2.0940000000000003,-0.26447919037652401
2.0950000000000002,-2.9057957828315439
2.0960000000000001,-5.1878221217001084
2.097,-6.9267555158846799
2.0980000000000003,-6.9697987765423948
2.0990000000000002,-3.0888027422154769
2.1000000000000001,-3.1696405561924008
2.101,-1.6819004122368986
2.1020000000000003,6.4602967939234031
2.1030000000000002,9.4834519496663496
2.1040000000000001,10.54104789047855
2.105,11.775488710573022
2.1060000000000003,12.952970231838137
2.1070000000000002,13.837130400269956
2.1080000000000001,10.782221517454353
2.109,3.0704922849470488
2.1100000000000003,2.3904037611883169
2.1110000000000002,0.092623289023531896
2.1120000000000001,-10.350673232749353
2.113,-14.577603678514663
2.1140000000000003,-15.02545657695795
2.1150000000000002,-15.64099732619451
2.1160000000000001,-16.166196416591582
2.117,-16.382611906198818
2.1180000000000003,-11.402163070517709
2.1190000000000002,-1.9484358106073145
2.1200000000000001,-0.96502262824272478
2.121,1.5154264146211318
2.1220000000000003,12.275578873373256
2.1230000000000002,16.528464723938463
2.1240000000000001,16.418640769972452
2.125,16.597247640489826
2.1260000000000003,16.838572079034158
2.1270000000000002,16.933256996366655
2.1280000000000001,11.42156316241455
2.129,1.4342336046786084
2.1300000000000003,0.28286158125564143
2.1310000000000002,-2.0227852808190576
2.1320000000000001,-12.571363769643257
2.133,-16.628933965837881
2.1340000000000003,-16.479524447364554
2.1350000000000002,-16.535605254343945
2.1360000000000001,-16.567175231103029
2.137,-16.388691282353026
2.1380000000000003,-10.905651980408059
2.1390000000000002,-1.0557837691690022
2.1400000000000001,-0.040193084062551065
2.141,2.0937647439507518
2.1420000000000003,12.237467343668143
2.1430000000000002,15.913964509229903
2.1440000000000001,15.532917865701382
2.145,15.439805221751676
2.1460000000000004,15.444397890078855
2.1470000000000002,15.371514906821
2.1480000000000001,10.338296588435185
2.149,0.9202896854800322
2.1500000000000004,-0.014675381372260432
2.1510000000000002,-1.7914122297151387
2.1520000000000001,-11.381860399169167
2.153,-14.754532594273233
2.1540000000000004,-14.508841999986403
2.1550000000000002,-14.448480202794713
2.1560000000000001,-14.381203174636571
2.157,-14.153931816543805
2.1580000000000004,-9.5393735701756412
2.1590000000000003,-0.66085825535047427
2.1600000000000001,0.024680505635233274
2.161,1.5936238912580354
2.1620000000000004,10.625747475170492
2.1630000000000003,13.602245632862813
2.1640000000000001,13.209916865810531
2.165,13.06832602606816
2.1660000000000004,13.036170050179869
2.1670000000000003,12.968396989183439
2.1680000000000001,8.9019968269739103
2.169,0.5840692692627858
2.1700000000000004,0.013467148442966703
2.1710000000000003,-1.2452153601904126
2.1720000000000002,-9.6918396700090312
2.173,-12.372330186004771
2.1740000000000004,-12.147293053342706
2.1750000000000003,-12.076822685154458
2.1760000000000002,-12.002791169191889
2.177,-11.802213047306397
2.1780000000000004,-8.1022580558834445
2.1790000000000003,-0.34274515097668612
2.1800000000000002,0.011792373008891133
2.181,1.0747475544902585
2.1820000000000004,8.9735557812362838
2.1830000000000003,11.278303473222209
2.1840000000000002,10.929110152708848
2.1850000000000001,10.792008961528204
2.1860000000000004,10.768673421381516
2.1870000000000003,10.74017057782393
2.1880000000000002,7.5182079938997681
2.1890000000000001,0.27897281499370052
2.1900000000000004,-0.016726121438400909
2.1910000000000003,-0.8233584612042204
2.1920000000000002,-8.1596644568854728
2.1930000000000001,-10.239801391429181
2.1940000000000004,-10.051234251229921
2.1950000000000003,-9.9918694160122037
2.1960000000000002,-9.9295685526689859
2.1970000000000001,-9.7660182761121792
2.1980000000000004,-6.838495764583234
2.1990000000000003,-0.077613394239705258
2.2000000000000002,0.029083624800072982
2.2010000000000001,0.73485953293942785
2.2020000000000004,7.5982444933531523
2.2030000000000003,9.3892273759149152
2.2040000000000002,9.0641779795095925
2.2050000000000001,8.9317685393041497
2.206,8.915546342452874
2.2070000000000003,8.9195024382980623
2.2080000000000002,6.3746602108429489
2.2090000000000001,0.071539287391816586
2.21,-0.003178741946873842
2.2110000000000003,-0.50148289738390783
2.2120000000000002,-6.888426312921144
2.2130000000000001,-8.5013970737047551
2.214,-8.3385742017880666
2.2150000000000003,-8.2892652508253413
2.2160000000000002,-8.2381503764007125
2.2170000000000001,-8.1049778984902598
2.218,-5.7838538081845243
2.2190000000000003,0.081851466629230707
2.2200000000000002,0.016996700030114553
2.2210000000000001,0.44133589860270472
2.222,6.4084863989440262
2.2230000000000003,7.7714452320490199
2.2240000000000002,7.4763997237285178
2.2250000000000001,7.3568395866239573
2.226,7.353917773959882
2.2270000000000003,7.3921674308783381
2.2280000000000002,5.4067082073361528
2.2290000000000001,-0.072449604541243495
2.23,-0.020088163579470297
2.2310000000000003,-0.28867087896538024
2.2320000000000002,-5.8318416774590123
2.2330000000000001,-7.0718007511706613
2.234,-6.9315108886839036
2.2350000000000003,-6.8921496078197615
2.2360000000000002,-6.8519303443967665
2.2370000000000001,-6.7446868524439791
2.238,-4.9066800704616771
2.2390000000000003,0.21580578177773102
2.2400000000000002,0.035859523147601102
2.2410000000000001,0.27897123236632382
2.242,5.4758419167268677
2.2430000000000003,6.5230908961111531
2.2440000000000002,6.2432392238569534
2.2450000000000001,6.1269838687641265
2.246,6.1297446413270631
2.2470000000000003,6.1893338036907997
2.2480000000000002,4.6203245128944843
2.2490000000000001,-0.1671987087837028
2.25,-0.010411067302080745
2.2510000000000003,-0.11647409692039101
2.2520000000000002,-4.9624545345263673
2.2530000000000001,-5.9202937913257045
2.254,-5.7967208607015221
2.2550000000000003,-5.7645000649763141
2.2560000000000002,-5.7309893489249983
2.2570000000000001,-5.6463761060969766
2.258,-4.192391912785471
2.2590000000000003,0.2707490531881982
2.2600000000000002,0.015667789447742386
2.2610000000000001,0.11245782235948631
2.262,4.6571810334966841
2.2630000000000003,5.4459658688877832
2.2640000000000002,5.186673056512765
2.2650000000000001,5.0802307681453547
2.266,5.0946347898779658
2.2670000000000003,5.1766703954931508
2.2680000000000002,3.9616404146694242
2.2690000000000001,-0.21795530014637876
2.27,-0.017238265553171317
2.2710000000000004,-0.0074765039454769422
2.2720000000000002,-4.2385625654154717
2.2730000000000001,-4.9593411033558956
2.274,-4.8534821518727878
2.2750000000000004,-4.8298398833523102
2.2760000000000002,-4.8043015782425895
2.2770000000000001,-4.7402008220031027
2.278,-3.5961381167202817
2.2790000000000004,0.32453997799198575
2.2800000000000002,0.03335996713388667
2.2810000000000001,0.042585151427069867
2.282,4.0307776400022606
2.2830000000000004,4.6198336394366981
2.2840000000000003,4.3735572129767091
2.2850000000000001,4.2696270300047505
2.286,4.2887803095796704
2.2870000000000004,4.3844733484087399
2.2880000000000003,3.4275250269648758
2.2890000000000001,-0.25405417871927582
2.29,-0.021796068416930048
2.2910000000000004,0.064734285365130262
2.2920000000000003,-3.6641690600192409
2.2930000000000001,-4.2168783833927099
2.294,-4.1226975190828163
2.2950000000000004,-4.101879996913067
2.2960000000000003,-4.0791967269866563
2.2970000000000002,-4.0286557789666562
2.298,-3.1073130013084755
2.2990000000000004,0.34228356509595859
2.3000000000000003,0.022351361296097494
2.3010000000000002,-0.038184199424680987
2.302,3.4888389984845318
2.3030000000000004,3.9262290192426388
2.3040000000000003,3.694346982565059
2.3050000000000002,3.5949026393023011
2.306,3.6205235248154528
2.3070000000000004,3.7297636304943556
2.3080000000000003,2.9829972464527361
2.3090000000000002,-0.25316354317008383
2.3100000000000001,-0.0022039566198519545
2.3110000000000004,0.14703014245571833
2.3120000000000003,-3.1539705001125138
2.3130000000000002,-3.569826429887069
2.3140000000000001,-3.4910242676424206
2.3150000000000004,-3.4776390872596128
2.3160000000000003,-3.4615856536353498
2.3170000000000002,-3.4262300954777869
2.3180000000000001,-2.6980898774055171
2.3190000000000004,0.34314993528291993
2.3200000000000003,0.021325337871392236
2.3210000000000002,-0.079536334590144087
2.3220000000000001,3.0395734762650708
2.3230000000000004,3.3448684641866633
2.3240000000000003,3.1273046544158003
2.3250000000000002,3.0335616308309721
2.3260000000000001,3.0663965842364531
2.3270000000000004,3.1882662057236226
2.3280000000000003,2.6142476191922861
2.3290000000000002,-0.25771222607166999
2.3300000000000001,-0.014748124952003394
2.3310000000000004,0.1496770141657886
2.3320000000000003,-2.7710451761965906
2.3330000000000002,-3.06858286524665
2.3340000000000001,-2.999409354570215
2.3350000000000004,-2.9896736987883541
2.3360000000000003,-2.9767651254290035
2.3370000000000002,-2.9517013682178659
2.3380000000000001,-2.3730756518211611
2.3390000000000004,0.33756925953233807
2.3400000000000003,0.02406754273422651
2.3410000000000002,-0.08792228079445108
2.3420000000000001,2.6926532482541332
2.343,2.9069081641905234
2.3440000000000003,2.696653187234725
2.3450000000000002,2.6041014151505206
2.3460000000000001,2.639839222409039
2.347,2.7691707236995411
2.3480000000000003,2.3159567112661441
2.3490000000000002,-0.24750376379399386
2.3500000000000001,-0.012832058915488886
2.351,0.16093727248455814
2.3520000000000003,-2.4495633721880798
2.3530000000000002,-2.6725371442778569
2.3540000000000001,-2.609859955566062
2.355,-2.6021810826284004
2.3560000000000003,-2.591050843524644
2.3570000000000002,-2.5735989853742192
2.3580000000000001,-2.0940659134328548
2.359,0.33221454057360678
2.3600000000000003,0.025462092554519256
2.3610000000000002,-0.095547510045067785
2.3620000000000001,2.3996715551534766
2.363,2.5454240710119747
2.3640000000000003,2.3420092133173878
2.3650000000000002,2.251263050091747
2.3660000000000001,2.2899321159607853
2.367,2.4263406302229669
2.3680000000000003,2.0657206117613063
2.3690000000000002,-0.23332932606411738
2.3700000000000001,-0.0060045036727145451
2.371,0.17473158368334518
2.3720000000000003,-2.1760813145525444
2.3730000000000002,-2.3383227134652773
2.3740000000000001,-2.2827204401847654
2.375,-2.2783233192566072
2.3760000000000003,-2.2704024500051809
2.3770000000000002,-2.2602270859619069
2.3780000000000001,-1.8676304573096163
2.379,0.30914969816594207
2.3800000000000003,0.010145626987359879
2.3810000000000002,-0.11605869635325305
2.3820000000000001,2.1414966018982913
2.383,2.2329686081164741
2.3840000000000003,2.0376884433856577
2.3850000000000002,1.9505943600313151
2.3860000000000001,1.9935839171311973
2.387,2.137803038134404
2.3880000000000003,1.8571911089773643
2.3890000000000002,-0.21892248887690924
2.3900000000000001,0.0028010896393664275
2.391,0.18887531646362232
2.3920000000000003,-1.9422185896752513
2.3930000000000002,-2.0546074455000154
2.3940000000000001,-2.0065017756803303
2.395,-2.0062993448688053
2.3960000000000004,-2.0023241598047217
2.3970000000000002,-1.9992813945022201
2.3980000000000001,-1.6781739643463662
2.399,0.30995557949123231
2.4000000000000004,0.012634692326097374
2.4010000000000002,-0.11999735604573303
2.4020000000000001,1.9418458358107351
2.403,1.9851527569417871
2.4040000000000004,1.7959081417640608
2.4050000000000002,1.7112975539145272
2.4060000000000001,1.7573854169258234
2.407,1.907542395539533
2.4080000000000004,1.6911202775225156
2.4090000000000003,-0.22324755111181838
2.4100000000000001,-0.0018693543744396912
2.411,0.19031357258618087
2.4120000000000004,-1.7714303635123712
2.4130000000000003,-1.838830216461411
2.4140000000000001,-1.7950638131875079
2.415,-1.796846558899079
2.4160000000000004,-1.7948161920292474
2.4170000000000003,-1.7964163726600626
2.4180000000000001,-1.5332479424895955
2.419,0.30808617883268941
2.4200000000000004,0.011595541618668825
2.4210000000000003,-0.12597072914921448
2.4220000000000002,1.7858292676912961
2.423,1.7893358250507965
2.4240000000000004,1.6043872409979985
2.4250000000000003,1.5213517773776168
2.4260000000000002,1.5696277554788374
2.427,1.7243169191942127
2.4280000000000004,1.5609188351829872
2.4290000000000003,-0.21980806589135771
2.4300000000000002,0.00052879656297766253
2.431,0.19692252905394114
2.4320000000000004,-1.6291718705516147
2.4330000000000003,-1.6641305823642139
2.4340000000000002,-1.6238176580424135
2.4350000000000001,-1.6273337654668665
2.4360000000000004,-1.627034337138777
2.4370000000000003,-1.6325560912749781
2.4380000000000002,-1.4137972352216441
2.4390000000000001,0.30660167551296191
2.4400000000000004,0.010611668167482602
2.4410000000000003,-0.13103247651333905
2.4420000000000002,1.6574583952288804
2.4430000000000001,1.6377506315498456
2.4440000000000004,1.4550913552550098
2.4450000000000003,1.3727210276472916
2.4460000000000002,1.4222676081451358
2.4470000000000001,1.580183029452356
2.4480000000000004,1.451543439933211
2.4490000000000003,-0.21925242945395729
2.4500000000000002,0.00067550825307005624
2.4510000000000001,0.20083348194411266
2.4520000000000004,-1.5124953548606956
2.4530000000000003,-1.5290756423109499
2.4540000000000002,-1.4904840650674098
2.4550000000000001,-1.4948371977488624
2.4560000000000004,-1.4954575553175089
2.4570000000000003,-1.5037331452508824
2.4580000000000002,-1.3132554778563115
2.4590000000000001,0.30747136594083946
2.4600000000000004,0.011483193598844421
2.4610000000000003,-0.13380549797240437
2.4620000000000002,1.5519965667845219
2.4630000000000001,1.5155298868950375
2.4640000000000004,1.3345903708953581
2.4650000000000003,1.2527859307121978
2.4660000000000002,1.3034193013322353
2.4670000000000001,1.4640113654714846
2.4680000000000004,1.361041171377823
2.4690000000000003,-0.22010504690010047
2.4700000000000002,-0.00020501722253141175
2.4710000000000001,0.20324298653816952
2.4720000000000004,-1.4176450786456525
2.4730000000000003,-1.4191756471745851
2.4740000000000002,-1.3820830463276472
2.4750000000000001,-1.3872539546961888
2.4760000000000004,-1.3887750756232755
2.4770000000000003,-1.3994394928322258
2.4780000000000002,-1.231988786898051
2.4790000000000001,0.30805335642163789
2.48,0.01195539462265649
2.4810000000000003,-0.13635111287160262
2.4820000000000002,1.4666300366721776
2.4830000000000001,1.4166468416819293
2.484,1.2371338518586774
2.4850000000000003,1.155863944876208
2.4860000000000002,1.2074807148581181
2.4870000000000001,1.3703547779738288
2.488,1.2882127866806761
2.4890000000000003,-0.22053281768162658
2.4900000000000002,-0.00056278057443193141
2.4910000000000001,0.20559813368233404
2.492,-1.3409612432970988
2.4930000000000003,-1.3303947521928421
2.4940000000000002,-1.2945355910415424
2.4950000000000001,-1.300427369776977
2.496,-1.3027658369727064
2.4970000000000003,-1.3154822145898972
2.4980000000000002,-1.1668137280368795
2.4990000000000001,0.30763243995874334
2.5,0.01142622488912215
2.5010000000000003,-0.13929873217629862
2.5020000000000002,1.397009758244161
2.5030000000000001,1.3362300543676224
2.504,1.1579550922767909
2.5050000000000003,1.0772514195088849
2.5060000000000002,1.1297972389105189
2.5070000000000001,1.294684154863581
2.508,1.2301290207968971
2.5090000000000003,-0.21746617076115093
2.5100000000000002,0.0022866001823502735
2.5110000000000001,0.21032622422033809
2.512,-1.2755958966179848
2.5130000000000003,-1.2555802342737203
2.5140000000000002,-1.2211145448334531
2.5150000000000001,-1.2279127215530734
2.516,-1.2313295021086661
2.5170000000000003,-1.246116362549861
2.5180000000000002,-1.1137524468089488
2.5190000000000001,0.30397280066733678
2.52,0.0079149354696164131
2.5210000000000004,-0.14446590915728108
2.5220000000000002,1.3363610466312528
2.5230000000000001,1.2671137318757788
2.524,1.0903557977632157
2.5250000000000004,1.0106179137797753
2.5260000000000002,1.0643446090188529
2.5270000000000001,1.2313085529676453
2.528,1.1816841725345313
2.5290000000000004,-0.21469035548742998
2.5300000000000002,0.005009089083438667
2.5310000000000001,0.21462561170051098
2.532,-1.2209378466573491
2.5330000000000004,-1.1932506433906631
2.5340000000000003,-1.1601375008154828
2.5350000000000001,-1.1678903887537362
2.536,-1.1724258576855859
2.5370000000000004,-1.1891279014733083
2.5380000000000003,-1.0701313738686258
2.5390000000000001,0.30166741651541096
2.54,0.0055174462870575258
2.5410000000000004,-0.14837124808324464
2.5420000000000003,1.2873737378832519
2.5430000000000001,1.2112028886024742
2.544,1.03566940223353
2.5450000000000004,0.9567509753576523
2.5460000000000003,1.0115022055625587
2.5470000000000002,1.1802347452623625
2.548,1.142706176678671
2.5490000000000004,-0.21248493336646557
2.5500000000000003,0.0072949805085289476
2.5510000000000002,0.21828241526501002
2.552,-1.1769144764289934
2.5530000000000004,-1.1430370247191513
2.5540000000000003,-1.1109904462833853
2.5550000000000002,-1.1195310467485746
2.556,-1.1250218473372133
2.5570000000000004,-1.1433461687714614
2.5580000000000003,-1.0351519220832621
2.5590000000000002,0.2998054413509309
2.5600000000000001,0.003463098462554548
2.5610000000000004,-0.15173569275360221
2.5620000000000003,1.2479707129221442
2.5630000000000002,1.1662247502685781
2.5640000000000001,0.99164726056701236
2.5650000000000004,0.91340061888637691
2.5660000000000003,0.9690244395148867
2.5670000000000002,1.1392551855010171
2.5680000000000001,1.1114647419748893
2.5690000000000004,-0.21084078211953172
2.5700000000000003,0.00913855430856092
2.5710000000000002,0.22134181426782118
2.5720000000000001,-1.1416637298970067
2.5730000000000004,-1.102792315783353
2.5740000000000003,-1.0715558458192012
2.5750000000000002,-1.0807253405244603
2.5760000000000001,-1.0870179797408912
2.5770000000000004,-1.1067091894411378
2.5780000000000003,-1.0071891954710408
2.5790000000000002,0.29843789590465575
2.5800000000000001,0.0018078372742567073
2.5810000000000004,-0.1545578696124299
2.5820000000000003,1.2164912132260204
2.5830000000000002,1.1302486950944859
2.5840000000000001,0.95638363223575462
2.5850000000000004,0.87866533627262233
2.5860000000000003,0.93501784265274579
2.5870000000000002,1.1065100332921349
2.5880000000000001,1.0865285796394062
2.5890000000000004,-0.20964762938256953
2.5900000000000003,0.010624912684004117
2.5910000000000002,0.22391962321077952
2.5920000000000001,-1.1135384061550899
2.5930000000000004,-1.0706379125928565
2.5940000000000003,-1.0399933945380546
2.5950000000000002,-1.0496532315654248
2.5960000000000001,-1.0566149023597591
2.5970000000000004,-1.0774594153033086
2.5980000000000003,-0.98488987001739992
2.5990000000000002,0.29747573533209459
2.6000000000000001,0.00048135391708026276
2.6010000000000004,-0.15693762277609502
2.6020000000000003,1.1914061373143419
2.6030000000000002,1.1015328170560665
2.6040000000000001,0.92817842654856064
2.6050000000000004,0.85086763754558381
2.6060000000000003,0.90782819179500607
2.6070000000000002,1.0803875252098305
2.6080000000000001,1.0666592324183561
2.6090000000000004,-0.20882900075047717
2.6100000000000003,0.011813004793688187
2.6110000000000002,0.22610116584304119
2.6120000000000001,-1.0911488111626615
2.6130000000000004,-1.0449915165502639
2.6140000000000003,-1.0147599079192551
2.6150000000000002,-1.0247951007481162
2.6160000000000001,-1.0323156264073523
2.617,-1.0541396236483864
2.6180000000000003,-0.96713482387056027
2.6190000000000002,0.29684257361386412
2.6200000000000001,-0.0005777371467443615
2.621,-0.1589596289034223
2.6220000000000003,1.1714533476041202
2.6230000000000002,1.0786419988848199
2.6240000000000001,0.90563435419185356
2.625,0.8286320726059645
2.6260000000000003,0.88610211908303771
2.6270000000000002,1.0595714424145584
2.6280000000000001,1.0508486377100419
2.629,-0.2083122006721807
2.6300000000000003,0.012760333430337001
2.6310000000000002,0.22796393433970208
2.6320000000000001,-1.0733541774233519
2.633,-1.0245577334202374
2.6340000000000003,-0.99459449490133944
2.6350000000000002,-1.0049118022241066
2.6360000000000001,-1.0129021452102196
2.637,-1.0355655918755391
2.6380000000000003,-0.9530158738466642
2.6390000000000002,0.29647410541721475
2.6400000000000001,-0.0014214177189555421
2.641,-0.16069430615174207
2.6420000000000003,1.1556078132942633
2.6430000000000002,1.060412214781167
2.6440000000000001,0.88761954705437529
2.645,0.8108459212028446
2.6460000000000004,0.86874609658902957
2.6470000000000002,1.0429991990454499
2.6480000000000001,1.0382837125970932
2.649,-0.20803735970349746
2.6500000000000004,0.013514574724778683
2.6510000000000002,0.22957133453993173
2.6520000000000001,-1.0592340712624011
2.653,-1.0082919948468563
2.6540000000000004,-0.97848112923863539
2.6550000000000002,-0.98900568832635183
2.6560000000000001,-0.99739428306418265
2.657,-1.0207849714695121
2.6580000000000004,-0.94180318617373693
2.6590000000000003,0.29631757113896662
2.6600000000000001,-0.0020926077282825695
2.661,-0.16219900865610481
2.6620000000000004,1.1430451913146382
2.6630000000000003,1.0459077337671441
2.6640000000000001,0.87322444447388414
2.665,0.79661541211957076
2.6660000000000004,0.8548820847516595
2.6670000000000003,1.0298180297257191
2.6680000000000001,1.028312139127632
2.669,-0.20795613190256568
2.6700000000000004,0.014114229762693942
2.6710000000000003,0.23097449889873689
2.6720000000000002,-1.0480501382925289
2.673,-0.9953567073066435
2.6740000000000004,-0.96560542064342925
2.6750000000000003,-0.9762772436324475
2.6760000000000002,-0.98500688127552982
2.677,-1.009035092506597
2.6780000000000004,-0.93291240899909811
2.6790000000000003,0.29633036382604772
2.6800000000000002,-0.0026259579143714795
2.681,-0.16352005639854283
2.6820000000000004,1.1331052687912149
2.6830000000000003,1.0343793563887358
2.6840000000000002,0.86172105362900919
2.6850000000000001,0.78522544532541239
2.6860000000000004,0.8438077387395404
2.6870000000000003,1.0193458278956171
2.6880000000000002,1.0204122773977833
2.6890000000000001,-0.2080294654017405
2.6900000000000004,0.014590510545821833
2.6910000000000003,0.23221461973302915
2.6920000000000002,-1.0392115100252652
2.6930000000000001,-0.98508163125890469
2.6940000000000004,-0.95531579536082856
2.6950000000000003,-0.96608701722600254
2.6960000000000002,-0.97511188379798219
2.6970000000000001,-0.99970593944748387
2.6980000000000004,-0.9258761869172154
2.6990000000000003,0.29647840566525641
2.7000000000000002,-0.0030491885323902235
2.7010000000000001,-0.16469439195800684
2.7020000000000004,1.1252601153631625
2.7030000000000003,1.0252279878182637
2.7040000000000002,0.85252728222697971
2.7050000000000001,0.77610421300008325
2.7060000000000004,0.83496144657802362
2.7070000000000003,1.0110372238400067
2.7080000000000002,1.0141670300207917
2.7090000000000001,-0.20822636434223152
2.7100000000000004,0.014968142098754966
2.7110000000000003,0.23332441883646482
2.7120000000000002,-1.0322461651767783
2.7130000000000001,-0.97693134350151267
2.7140000000000004,-0.94709175610162255
2.7150000000000003,-0.9579240837951446
2.7160000000000002,-0.967207647676391
2.7170000000000001,-0.99231027099311675
2.7180000000000004,-0.92032122787663295
2.7190000000000003,0.29673450090605313
2.7200000000000002,-0.0033844751504747972
2.7210000000000001,-0.16575152658176528
2.7220000000000004,1.1190880751909067
2.7230000000000003,1.0179752013069507
2.7240000000000002,0.84517823693299921
2.7250000000000001,0.7687950010792961
2.7260000000000004,0.82789471696412409
2.7270000000000003,1.0044566975827329
2.7280000000000002,1.0092433565950603
2.7290000000000001,-0.20852181369484224
2.7300000000000004,0.015267082902107987
2.7310000000000003,0.23433022572822515
2.7320000000000002,-1.0267768574166385
2.7330000000000001,-0.97047796562220245
2.7340000000000004,-0.94051732449239833
2.7350000000000003,-0.95138021296835651
2.7360000000000002,-0.96089331166684877
2.7370000000000001,-0.9864588157006855
2.7380000000000004,-0.91594929270129388
2.7390000000000003,0.29707685417514373
2.7400000000000002,-0.0036495574461798963
2.7410000000000001,-0.16671509335314361
2.7420000000000004,1.1142522702210031
2.7430000000000003,1.0122387092725253
2.7440000000000002,0.83930250255884609
2.7450000000000001,0.76293304406522466
2.7460000000000004,0.82224932783332794
2.7470000000000003,0.99925640357813816
2.7480000000000002,1.005375276246991
2.7490000000000001,-0.20889593136439977
2.7500000000000004,0.015503239518303125
2.7510000000000003,0.23525300622422429
2.7520000000000002,-1.0225024351561309
2.7530000000000001,-0.96538000152362213
2.754,-0.93526057386070116
2.7550000000000003,-0.94612962292784331
2.7560000000000002,-0.95584892298279722
2.7570000000000001,-0.98184078917926987
2.758,-0.91252237951065562
2.7590000000000003,0.29748796491141316
2.7600000000000002,-0.0038586598775377512
2.7610000000000001,-0.16760404152532482
2.762,1.1104836426747458
2.7630000000000003,1.0077131908141053
2.7640000000000002,0.83460341599397325
2.7650000000000001,0.75822692800664293
2.766,0.81773908365073456
2.7670000000000003,0.9951584255019873
2.7680000000000002,1.0023501670014918
2.7690000000000001,-0.2094030850103642
2.77,0.015614688555676937
2.7710000000000004,0.2360458405143806
2.7720000000000002,-1.0192005616124356
2.7730000000000001,-0.96137272778528571
2.774,-0.9310631938599262
2.7750000000000004,-0.94191787238793134
2.7760000000000002,-0.95182366682937158
2.7770000000000001,-0.97821161148556424
2.778,-0.90985013042471774
2.7790000000000004,0.29796828837371192
2.7800000000000002,-0.0040103172434359236
2.7810000000000001,-0.16842234862176808
2.782,1.1075843920770263
2.7830000000000004,1.0041705616650956
2.7840000000000003,0.83085761520745849
2.7850000000000001,0.7544556320591097
2.786,0.8141455665343823
2.7870000000000004,0.99194963451680074
2.7880000000000003,1.0000077675623764
2.7890000000000001,-0.20998734110803896
2.79,0.015654615858779142
2.7910000000000004,0.23675909785084626
2.7920000000000003,-1.0166631335756371
2.7930000000000001,-0.95822781314119498
2.794,-0.92770423174581118
2.7950000000000004,-0.9385290117068682
2.7960000000000003,-0.94860637876448306
2.7970000000000002,-0.97536704239894434
2.798,-0.90777699573673898
2.7990000000000004,0.29850996555629772
2.8000000000000003,-0.0041090589589990456
2.8010000000000002,-0.16917832461912963
2.802,1.105376284775337
2.8030000000000004,1.0014085448393613
2.8040000000000003,0.82786933181399158
2.8050000000000002,0.75142747502199048
2.806,0.81128106719744841
2.8070000000000004,0.98944805696569238
2.8080000000000003,0.99820717530752101
2.8090000000000002,-0.21055453463097984
2.8100000000000001,0.015722179806912151
2.8110000000000004,0.23748100086176005
2.8120000000000003,-1.0147181885010208
2.8130000000000002,-0.95576476952437361
2.8140000000000001,-0.92500881554842362
2.8150000000000004,-0.93579213931665151
2.8160000000000003,-0.94603014569357313
2.8170000000000002,-0.97314586514050005
2.8180000000000001,-0.90618392168040307
2.8190000000000004,0.29910276689041626
2.8200000000000003,-0.0041591262735712897
2.8210000000000002,-0.16987922116784393
2.8220000000000001,1.1037037908890874
2.8230000000000004,0.9992522205709502
2.8240000000000003,0.82547059663085021
2.8250000000000002,0.74897937521034674
2.8260000000000001,0.80898690372839543
2.8270000000000004,0.98750080710111554
2.8280000000000003,0.99682721390137552
2.8290000000000002,-0.21112891470535733
2.8300000000000001,0.01579381921858547
2.8310000000000004,0.23819430152428822
2.8320000000000003,-1.0132607042200421
2.8330000000000002,-0.95385864003208964
2.8340000000000001,-0.92285421698997683
2.8350000000000004,-0.93358558621922905
2.8360000000000003,-0.94397433816434018
2.8370000000000002,-0.97142998278956771
2.8380000000000001,-0.9049809913048672
2.8390000000000004,0.29967315045622589
2.8400000000000003,-0.0042385032403927658
2.8410000000000002,-0.17059437469009064
2.8420000000000001,1.1024426848461644
2.8430000000000004,0.99757238435941931
2.8440000000000003,0.82353647755282244
2.8450000000000002,0.74698924610100903
2.8460000000000001,0.80714402940882413
2.8470000000000004,0.98599309085159947
2.8480000000000003,0.99578346328867129
2.8490000000000002,-0.21169725683762175
2.8500000000000001,0.01587896518124432
2.8510000000000004,0.23890953273123761
2.8520000000000003,-1.0121775543645071
2.8530000000000002,-0.95238340426661505
2.8540000000000001,-0.92111959094968776
2.8550000000000004,-0.93179223677557488
2.8560000000000003,-0.94232528785939706
2.8570000000000002,-0.9701099934321441
2.8580000000000001,-0.90408135917059229
2.8590000000000004,0.30023865452513099
2.8600000000000003,-0.0043301437265221843
2.8610000000000002,-0.17131115130462049
2.8620000000000001,1.1015182840689512
2.8630000000000004,0.99628012281836176
2.8640000000000003,0.82197969815614491
2.8650000000000002,0.74537053313308765
2.8660000000000001,0.80566661429041975
2.8670000000000004,0.98484091210356473
2.8680000000000003,0.99501193123908915
2.8690000000000002,-0.21225887144503319
2.8700000000000001,0.015976591207545132
2.8710000000000004,0.23962778131343498
2.8720000000000003,-1.0113948134814197
2.8730000000000002,-0.95125414724325541
2.8740000000000001,-0.91972210744619409
2.8750000000000004,-0.93033056161416516
2.8760000000000003,-0.94100262394914935
2.8770000000000002,-0.96910764446467101
2.8780000000000001,-0.90342527594062694
2.8790000000000004,0.30083279296292742
2.8800000000000003,-0.004395346303853076
2.8810000000000002,-0.17199844144882581
2.8820000000000001,1.1008717782207051
2.8830000000000005,0.99530165541926163
2.8840000000000003,0.82072813079031848
2.8850000000000002,0.74405186359780051
2.8860000000000001,0.80448401425958538
2.8870000000000005,0.98397509298013008
2.8880000000000003,0.99445813056271493
2.8890000000000002,-0.21282205619928585
2.8900000000000001,0.016078147139740206
2.8910000000000005,0.24034316075530127
2.8920000000000003,-1.0108614596501568
2.8930000000000002,-0.9504101712477584
2.8940000000000001,-0.91860173709473192
2.895,-0.929140686080279
2.8960000000000004,-0.93994677261888471
2.8970000000000002,-0.96836439164567334
2.8980000000000001,-0.90296922945595459
2.899,0.30144975287956377
2.9000000000000004,-0.0044377831593203076
2.9010000000000002,-0.17266076245398143
2.9020000000000001,1.100445811744013
2.903,0.9945721181478655
2.9040000000000004,0.81971880130394448
2.9050000000000002,0.74297147083162773
2.9060000000000001,0.80353570165932486
2.907,0.98333694414473471
2.9080000000000004,0.99407691471861814
2.9090000000000003,-0.21338879923938181
2.9100000000000001,0.016180811366786729
2.911,0.24105454297596363
2.9120000000000004,-1.0105289440863925
2.9130000000000003,-0.94979545120211462
2.9140000000000001,-0.91770385988785286
2.915,-0.92816890894008153
2.9160000000000004,-0.93910490315102402
2.9170000000000003,-0.96782886091073328
2.9180000000000001,-0.90267366157112272
2.919,0.30207114787608191
2.9200000000000004,-0.004477118335760033
2.9210000000000003,-0.17331601940942032
2.9220000000000002,1.100192170834897
2.923,0.99403961624265902
2.9240000000000004,0.81890139567985254
2.9250000000000003,0.74208009226966176
2.9260000000000002,0.80277338852240376
2.927,0.98287977846159735
2.9280000000000004,0.99383352271070169
2.9290000000000003,-0.21398737102895049
2.9300000000000002,0.016253087462886895
2.931,0.24173599675957003
2.9320000000000004,-1.010361625541764
2.9330000000000003,-0.94936444591359048
2.9340000000000002,-0.91698429575065366
2.9350000000000001,-0.92737180347634296
2.9360000000000004,-0.93843419953222262
2.9370000000000003,-0.96745926857190101
2.9380000000000002,-0.90250442300959322
2.9390000000000001,0.30270546447272595
2.9400000000000004,-0.004505567987453496
2.9410000000000003,-0.17395838924937601
2.9420000000000002,1.1000856158118988
2.9430000000000001,0.99367298632496193
2.9440000000000004,0.81824469094401198
2.9450000000000003,0.74134610997948291
2.9460000000000002,0.80216528923693819
2.9470000000000001,0.9825720295675695
2.9480000000000004,0.9937051402936784
2.9490000000000003,-0.21465202844173414
2.9500000000000002,0.01625659474295249
2.9510000000000001,0.24235567824812576
2.9520000000000004,-1.0103351109466816
2.9530000000000003,-0.94908290347870816
2.9540000000000002,-0.91640940525732839
2.9550000000000001,-0.92671604885594883
2.9560000000000004,-0.9379015850934741
2.9570000000000003,-0.9672230520999473
2.9580000000000002,-0.90243470479255505
2.9590000000000001,0.30336013204270673
2.9600000000000004,-0.0045164714785798088
2.9610000000000003,-0.1745828108910028
2.9620000000000002,1.1001072226058717
2.9630000000000001,0.99344851376529131
2.9640000000000004,0.81772466713331327
2.9650000000000003,0.7407450340591617
2.9660000000000002,0.80168657415957556
2.9670000000000001,0.98238898958065934
2.9680000000000004,0.99367440865529177
2.9690000000000003,-0.21531092521161677
2.9700000000000002,0.016265534600147236
2.9710000000000001,0.24297767811679516
2.9720000000000004,-1.0104028047059286
2.9730000000000003,-0.94891040589269982
2.9740000000000002,-0.91594097622257276
2.9750000000000001,-0.92616522781514199
2.9760000000000004,-0.93747242786033469
2.9770000000000003,-0.96708765925266049
2.9780000000000002,-0.90244206367133073
2.9790000000000001,0.30402183667520943
2.9800000000000004,-0.0045216358197959217
2.9810000000000003,-0.17520006391382503
2.9820000000000002,1.1002177338521655
2.9830000000000001,0.99332490492517267
2.9840000000000004,0.81730272685414207
2.9850000000000003,0.7402403566102701
2.9860000000000002,0.80130256490085783
2.9870000000000001,0.98229796641170952
2.9880000000000004,0.99371379935126714
2.9890000000000003,-0.21597639240395905
2.9900000000000002,0.016269193441601493
2.9910000000000001,0.24359317641034406
2.9920000000000004,-1.0105515684890123
2.9930000000000003,-0.94882958771907067
2.9940000000000002,-0.91556160674124909
2.9950000000000001,-0.92570178711912976
2.9960000000000004,-0.93712898754885443
2.9970000000000003,-0.96703546555677133
2.9980000000000002,-0.90251325207503297
2.9990000000000001,0.30468767818554054
3.0000000000000004,-0.0045234392306899851
3.0010000000000003,-0.17581264064830304
3.0020000000000002,1.1003997202901585
3.0030000000000001,0.99328243365185775
3.0040000000000004,0.81695962969794556
3.0050000000000003,0.73981316283434573
3.0060000000000002,0.80099467523942181
3.0070000000000001,0.98228088422014326
3.0080000000000005,0.9938097581631915
3.0090000000000003,-0.21664602150923429
3.0100000000000002,0.016269504890896402
3.0110000000000001,0.24420421503418976
3.0120000000000005,-1.0107643027091271
3.0130000000000003,-0.94882133905551735
3.0140000000000002,-0.91525280874813153
3.0150000000000001,-0.92530756152233329
3.0160000000000005,-0.93685353564571017
3.0170000000000003,-0.96704932225827245
3.0180000000000002,-0.90263503521041011
3.0190000000000001,0.30535725373401434
3.0200000000000005,-0.0045222089864679349
3.0210000000000004,-0.17642117597519003
3.0220000000000002,1.1006388943639209
3.0230000000000001,0.99330485020786807
3.0240000000000005,0.81667958164853793
3.0250000000000004,0.73944789121161802
3.0260000000000002,0.80074759126838302
3.0270000000000001,0.98232284473755305
3.0280000000000005,0.99395086052294812
3.0290000000000004,-0.21731899491903395
3.0300000000000002,0.016267163575869548
3.0310000000000001,0.24481176529707194
3.032,-1.0110280944439034
3.0330000000000004,-0.94887101662389051
3.0340000000000003,-0.91500028454044602
3.0350000000000001,-0.92496860211453702
3.036,-0.93663240839548012
3.0370000000000004,-0.96711592575272698
3.0380000000000003,-0.90279726396387272
3.0390000000000001,0.30602980944203595
3.04,-0.0045185528361338934
3.0410000000000004,-0.17702650634959782
3.0420000000000003,1.1009237723226439
3.0430000000000001,0.99337913317042603
3.044,0.81644992946002004
3.0450000000000004,0.73913215035794144
3.0460000000000003,0.80054916177586155
3.0470000000000002,0.98241206843860041
3.048,0.99412811868112239
3.0490000000000004,-0.21799465943498308
3.0500000000000003,0.016262669458716128
3.0510000000000002,0.24541645103000109
3.052,-1.0113328305936267
3.0530000000000004,-0.94896714302314333
3.0540000000000003,-0.91479295262542959
3.0550000000000002,-0.9246739835796598
3.056,-0.9364547505542884
3.0570000000000004,-0.96722480502781061
3.0580000000000003,-0.90299185637531998
3.0590000000000002,0.30670463837490936
3.0600000000000001,-0.0045130823183135993
3.0610000000000004,-0.17762941488782458
3.0620000000000003,1.1012450814564596
3.0630000000000002,0.99349480293128511
3.0640000000000001,0.81626049948475377
3.0650000000000004,0.73885589826251608
3.0660000000000003,0.80038951901600874
3.0670000000000002,0.98253898335712841
3.0680000000000001,0.9943342015494615
3.0690000000000004,-0.21867247308097748
3.0700000000000003,0.016256455589719998
3.0710000000000002,0.2460189057184653
3.0720000000000001,-1.011670158871838
3.0730000000000004,-0.94910022777991099
3.0740000000000003,-0.91462156327923294
3.0750000000000002,-0.92441466606187206
3.0760000000000001,-0.93631177570424662
3.0770000000000004,-0.96736734052514617
3.0780000000000003,-0.90321220088317278
3.0790000000000002,0.30738145208703038
3.0800000000000001,-0.0045059664879640859
3.0810000000000004,-0.17823015612803572
3.0820000000000003,1.1015956306739056
3.0830000000000002,0.99364360308415567
3.0840000000000001,0.8161032136285391
3.0850000000000004,0.73861124333303285
3.0860000000000003,0.80026092125955484
3.0870000000000002,0.98269600782649602
3.0880000000000001,0.99456333436665856
3.0890000000000004,-0.2193519890606308
3.0900000000000003,0.016248904113966622
3.0910000000000002,0.24661955252023382
3.0920000000000001,-1.0120335640495712
3.0930000000000004,-0.94926286828605666
3.0940000000000003,-0.91447886164993353
3.0950000000000002,-0.92418347580572191
3.0960000000000001,-0.93619645449112854
3.0970000000000004,-0.96753673714924116
3.0980000000000003,-0.9034531618132462
3.0990000000000002,0.30805973842012746
3.1000000000000001,-0.004497646953019574
3.1010000000000004,-0.17882926978718194
3.1020000000000003,1.101969441317886
3.1030000000000002,0.99381878540566537
3.1040000000000001,0.81597159283667797
3.1050000000000004,0.73839179578490932
3.1060000000000003,0.80015702597402805
3.1070000000000002,0.98287703357478262
3.1080000000000001,0.99481077378754368
3.1090000000000004,-0.22003298091646417
3.1100000000000003,0.016240168646000974
3.1110000000000002,0.2472186881057471
3.1120000000000001,-1.0124178125463421
3.1130000000000004,-0.94944918074727813
3.1140000000000003,-0.91435921770500095
3.1150000000000002,-0.9239749428028956
3.1160000000000001,-0.93610335989128601
3.1170000000000004,-0.96772771382352996
3.1180000000000003,-0.90371064829350456
3.1190000000000002,0.30873918064264694
3.1200000000000001,-0.0044884142377042968
3.1210000000000004,-0.17942717921918483
3.1220000000000003,1.1023618184201487
3.1230000000000002,0.9940150797357673
3.1240000000000001,0.81586049114489601
3.1250000000000004,0.73819248231203272
3.1260000000000003,0.8000729784129329
3.1270000000000002,0.98307736637280407
3.1280000000000001,0.99507302737100944
3.1290000000000004,-0.22071493105210915
3.1300000000000003,0.01623067528355282
3.1310000000000002,0.24781678014439479
3.1320000000000001,-1.0128186647898769
3.1330000000000005,-0.94965432388204229
3.1340000000000003,-0.91425784646336372
3.1350000000000002,-0.92378433588793585
3.1360000000000001,-0.93602784907273795
3.1370000000000005,-0.96793578117039614
3.1380000000000003,-0.90398120112364078
3.1390000000000002,0.30941966114246255
3.1400000000000001,-0.0044783024993518827
3.1410000000000005,-0.18002396973254653
3.1420000000000003,1.1027690714468923
3.1430000000000002,0.99422819010457841
3.1440000000000001,0.81576574356255083
3.1450000000000005,0.73800924068611495
3.1460000000000004,0.80000468196667662
3.1470000000000002,0.98329295215337553
3.1480000000000001,0.99534693821732234
3.1490000000000005,-0.22139783913613909
3.1500000000000004,0.016220421495266368
3.1510000000000002,0.2484138805239734
3.1520000000000001,-1.0132328156562811
3.1530000000000005,-0.94987454615740208
3.1540000000000004,-0.91417113688495832
3.1550000000000002,-0.92360812433276596
3.1560000000000001,-0.93596651697222877
3.1570000000000005,-0.9681576451772006
3.1580000000000004,-0.90426238507518686
3.1590000000000003,0.31010081530515843
3.1600000000000001,-0.0044676390392487386
3.1610000000000005,-0.18061993244292474
3.1620000000000004,1.1031882546519007
3.1630000000000003,0.99445488817038363
3.1640000000000001,0.81568413545895635
3.1650000000000005,0.73783890641256822
3.1660000000000004,0.7999490380538512
3.1670000000000003,0.98352084454292399
3.1680000000000001,0.99563022339481566
3.169,-0.22208145274936408
3.1700000000000004,0.016209611900469767
3.1710000000000003,0.24901026284467043
3.1720000000000002,-1.0136575867753024
3.173,-0.95010679821213273
3.1740000000000004,-0.91409611890042752
3.1750000000000003,-0.92344336498093094
3.1760000000000002,-0.93591642627856708
3.177,-0.96839039938456506
3.1780000000000004,-0.90455186192129955
3.1790000000000003,0.31078269400526248
3.1800000000000002,-0.0044564552787267342
3.181,-0.181215275537979
3.1820000000000004,1.103616833855257
3.1830000000000003,0.99469224539661927
3.1840000000000002,0.81561293124363843
3.1850000000000001,0.73767880140674236
3.1860000000000004,0.79990349135119609
3.1870000000000003,0.98375852647081496
3.1880000000000002,0.99592103944078558
3.1890000000000001,-0.22276558994513673
3.1900000000000004,0.016198400530064605
3.1910000000000003,0.24960606867823598
3.1920000000000002,-1.0140908335215497
3.1930000000000001,-0.95034867436046255
3.1940000000000004,-0.91403046411034761
3.1950000000000003,-0.92328781545045691
3.1960000000000002,-0.93587537788876374
3.1970000000000001,-0.96863193507621448
3.1980000000000004,-0.90484810392091508
3.1990000000000003,0.31146496209699293
3.2000000000000002,-0.0044449476352804718
3.2010000000000001,-0.18181011381172474
3.2020000000000004,1.104053004440289
3.2030000000000003,0.99493822587654279
3.2040000000000002,0.81555008538697327
3.2050000000000001,0.73752689506817315
3.2060000000000004,0.79986595700783436
3.2070000000000003,0.9840040239073049
3.2080000000000002,0.99621780721600683
3.2090000000000001,-0.22345023580584933
3.2100000000000004,0.016186743264137826
3.2110000000000003,0.25020134606992017
3.2120000000000002,-1.0145308654472402
3.2130000000000001,-0.95059824826749262
3.2140000000000004,-0.91397228222087457
3.2150000000000003,-0.92313959134275403
3.2160000000000002,-0.93584150689301315
3.2170000000000001,-0.96888045677897616
3.2180000000000004,-0.9051496756164904
3.2190000000000003,0.31214772486026932
3.2200000000000002,-0.0044329883110679758
3.2210000000000001,-0.18240443088679159
3.2220000000000004,1.1044952941151573
3.2230000000000003,0.9951911064783372
3.2240000000000002,0.81549395737601871
3.2250000000000001,0.73738158706010637
3.2260000000000004,0.79983493224897928
3.2270000000000003,0.98425581173755661
3.2280000000000002,0.99651941193586913
3.2290000000000001,-0.22413514111757082
3.2300000000000004,0.016174902650164857
3.2310000000000003,0.25079635161266955
3.2320000000000002,-1.0149762810487393
3.2330000000000001,-0.95085393506508642
3.2340000000000004,-0.91392005818596544
3.2350000000000003,-0.92299723706773706
3.2360000000000002,-0.93581342097282216
3.2370000000000001,-0.96913460448018574
3.2380000000000004,-0.90545556933009408
3.2390000000000003,0.31283070271740931
3.2400000000000002,-0.0044208812429438193
3.2410000000000001,-0.18299850243492422
3.2420000000000004,1.1049423525768001
3.2430000000000003,0.99544943520834628
3.2440000000000002,0.81544313057361939
3.2450000000000001,0.73724148737864492
3.2460000000000004,0.7998089917772786
3.2470000000000003,0.98451254942233712
3.2480000000000002,0.99682477912839862
3.2490000000000001,-0.22482040949248905
3.2500000000000004,0.016162762952910192
3.2510000000000003,0.25139101011260423
3.2520000000000002,-1.015426028603986
3.2530000000000001,-0.95111453735360807
3.2540000000000004,-0.91387258810359517
3.2550000000000003,-0.92285948437463794
3.2560000000000002,-0.93578983128062709
3.2570000000000001,-0.96939311680147666
3.2580000000000005,-0.90576481724752522
3.2590000000000003,0.31351399453993933
3.2600000000000002,-0.0044085328120848644
3.2610000000000001,-0.18359228053157062
3.2620000000000005,1.1053932750059676
3.2630000000000003,0.99571214646384454
3.2640000000000002,0.81539655485970186
3.2650000000000001,0.73710556431286689
3.2660000000000005,0.79978717819919531
3.2670000000000003,0.98477330907371008
3.2680000000000002,0.99713322244868396
3.2690000000000001,-0.22550592629666077
3.2700000000000005,0.01615045909181867
3.2710000000000004,0.25198538402473425
3.2720000000000002,-1.0158793142091334
3.2730000000000001,-0.95137910873810017
3.2740000000000005,-0.91382897721346934
3.2750000000000004,-0.92272557205146266
3.2760000000000002,-0.93577001243527036
3.2770000000000001,-0.9696552851011907
3.2780000000000005,-0.90607683346042445
3.2790000000000004,0.31419747904096473
3.2800000000000002,-0.0043959976078972174
3.2810000000000001,-0.18418580335890866
3.2820000000000005,1.105847334387787
3.2830000000000004,0.99597838153798612
3.2840000000000003,0.81535339292461884
3.2850000000000001,0.73697298024809066
3.2860000000000005,0.79976862148213901
3.2870000000000004,0.98503720906282977
3.2880000000000003,0.99744407880201369
3.2890000000000001,-0.22619160265739124
3.2900000000000005,0.016138014150024471
3.2910000000000004,0.2525796289828649
3.2920000000000003,-1.0163352595004982
3.2930000000000001,-0.95164673541538503
3.2940000000000005,-0.91378834885365379
3.2950000000000004,-0.92259461590720848
3.2960000000000003,-0.93575311490951574
3.2970000000000002,-0.96992026167839029
3.2980000000000005,-0.90639100382871374
3.2990000000000004,0.3148811360431969
3.3000000000000003,-0.0043833839865655699
3.3010000000000002,-0.18477920886278154
3.3020000000000005,1.1063038129536436
3.3030000000000004,0.99624737148157583
3.3040000000000003,0.8153129014251137
3.3050000000000002,0.73684306754397744
3.306,0.79975271419265248
3.3070000000000004,0.98530368070288921
3.3080000000000003,0.99775689642291499
3.3090000000000002,-0.22687745045223151
3.3100000000000001,0.016125425932363546
3.3110000000000004,0.25317368711202015
3.3120000000000003,-1.0167934556909302
3.3130000000000002,-0.95191687589601182
3.3140000000000001,-0.91375014643849961
3.3150000000000004,-0.92246601562787955
3.3160000000000003,-0.93573848156733019
3.3170000000000002,-0.97018746725354899
3.3180000000000001,-0.90670691646555934
3.3190000000000004,0.31556491260836939
3.3200000000000003,-0.0043706467680716399
3.3210000000000002,-0.18537248635054515
3.3220000000000001,1.1067622520485356
3.3230000000000004,0.99651860231027856
3.3240000000000003,0.81527460340404401
3.3250000000000002,0.73671526170699297
3.3260000000000001,0.79973888546302085
3.3270000000000004,0.98557219475716451
3.3280000000000003,0.99807127886449531
3.3290000000000002,-0.22756340083107052
3.3300000000000001,0.016112772986143331
3.3310000000000004,0.25376764273265096
3.3320000000000003,-1.0172533972170867
3.3330000000000002,-0.95218905137166732
3.3340000000000001,-0.91371391823330494
3.3350000000000004,-0.92233933752317732
3.3360000000000003,-0.93572578362437242
3.3370000000000002,-0.97045654991924546
3.3380000000000001,-0.90702420823691099
3.3390000000000004,0.31624883862813413
3.3400000000000003,-0.0043577767853555383
3.3410000000000002,-0.1859655869121819
3.3420000000000001,1.1072222893280239
3.3430000000000004,0.99679161314042108
3.3440000000000003,0.81523801587614086
3.3450000000000002,0.73658917213904651
3.3460000000000001,0.79972671234762216
3.3470000000000004,0.9858423220169934
3.3480000000000003,0.99838689022321969
3.3490000000000002,-0.22824942605567622
3.3500000000000001,0.01610002994121662
3.3510000000000004,0.25436146964092199
3.3520000000000003,-1.017714772074477
3.3530000000000002,-0.95246280452559895
3.3540000000000001,-0.91367925649817816
3.3550000000000004,-0.92221418681790313
3.3560000000000003,-0.93571457569559469
3.3570000000000002,-0.97072708338837177
3.3580000000000001,-0.90734267353924658
3.3590000000000004,0.31693278541311565
3.3600000000000003,-0.0043449091341596358
3.3610000000000002,-0.18655869413521331
3.3620000000000001,1.1076835567347101
3.3630000000000004,0.9970660647941898
3.3640000000000003,0.81520282913277975
3.3650000000000002,0.73646445130160176
3.3660000000000001,0.79971585144351753
3.3670000000000004,0.98611370200585913
3.3680000000000003,0.99870347590311637
3.3690000000000002,-0.22893556133169601
3.3700000000000001,0.016087254638416537
3.3710000000000004,0.25495527733642398
3.3720000000000003,-1.0181772229120927
3.3730000000000002,-0.95273781533290758
3.3740000000000001,-0.9136457943550752
3.3750000000000004,-0.92209024712123699
3.3760000000000003,-0.93570458548556257
3.3770000000000002,-0.97099879326160765
3.3780000000000001,-0.90766201125627621
3.3790000000000004,0.31761682135633196
3.3800000000000003,-0.0043319738418220455
3.3810000000000002,-0.18715168185912456
3.3820000000000001,1.1081458924147869
3.3830000000000005,0.9973416749468822
3.3840000000000003,0.81516877077520289
3.3850000000000002,0.73634081192982326
3.3860000000000001,0.799706108690311
3.3870000000000005,0.98638619312440812
3.3880000000000003,0.99902090903603247
3.3890000000000002,-0.22962170869252718
3.3900000000000001,0.016074425970933226
3.3910000000000005,0.25554904704842341
3.3920000000000003,-1.0186405334006146
3.3930000000000002,-0.95301375844522651
3.3940000000000001,-0.91361323381322923
3.3950000000000005,-0.92196717751210855
3.3960000000000004,-0.93569542339124334
3.3970000000000002,-0.97127133736337812
3.3980000000000001,-0.90798197325921792
3.3990000000000005,0.31830097393656842
3.4000000000000004,-0.0043188953367240268
3.4010000000000002,-0.18774459168474111
3.4020000000000001,1.1086089864292086
3.4030000000000005,0.9976181629725267
3.4040000000000004,0.81513556858131531
3.4050000000000002,0.73621801808178511
3.4060000000000001,0.79969718070730322
3.4070000000000005,0.98665948140072346
3.4080000000000004,0.99933890107933587
3.4090000000000003,-0.23030799423977277
3.4100000000000001,0.016061530762635612
3.4110000000000005,0.2561426772968578
3.4120000000000004,-1.0191046805398511
3.4130000000000003,-0.95329066589701106
3.4140000000000001,-0.91358159959014085
3.4150000000000005,-0.92184499734942649
3.4160000000000004,-0.93568714465839775
3.4170000000000003,-0.97154471433384415
3.4180000000000001,-0.90830260739166346
3.4190000000000005,0.31898506061893939
3.4200000000000004,-0.0043059413301467231
3.4210000000000003,-0.18833754563275007
3.4220000000000002,1.1090726902994834
3.4230000000000005,0.99789534294787918
3.4240000000000004,0.81510301518391326
3.4250000000000003,0.73609588509299484
3.4260000000000002,0.79968890899602019
3.4270000000000005,0.98693338682800824
3.4280000000000004,0.99965741831795163
3.4290000000000003,-0.23099429077912592
3.4300000000000002,0.016048622378817323
3.4310000000000005,0.25673631939548269
3.4320000000000004,-1.0195693481369594
3.4330000000000003,-0.95356814000584089
3.4340000000000002,-0.91355056189106054
3.4350000000000005,-0.92172340713220535
3.4360000000000004,-0.93567942056768361
3.4370000000000003,-0.97181864951231167
3.4380000000000002,-0.90862363812748237
3.4390000000000005,0.31966926198001844
3.4400000000000004,-0.0042928620942159768
3.4410000000000003,-0.18893038143785645
3.4420000000000002,1.1095369583013768
3.4430000000000001,0.99817316332650063
3.4440000000000004,0.81507107074718887
3.4450000000000003,0.73597435415298429
3.4460000000000002,0.79968123281488901
3.4470000000000001,0.98720785831744839
3.4480000000000004,0.99997636064141671
3.4490000000000003,-0.23168057515141238
3.4500000000000002,0.016035679593739305
3.4510000000000001,0.25732993663697123
3.4520000000000004,-1.020034452903956
3.4530000000000003,-0.95384615804222672
3.4540000000000002,-0.91352001829731755
3.4550000000000001,-0.92160231826455963
3.4560000000000004,-0.93567220656526695
3.4570000000000003,-0.97209307063569295
3.4580000000000002,-0.90894509378232591
3.4590000000000001,0.32035343656373216
3.4600000000000004,-0.0042798298066429874
3.4610000000000003,-0.18952329141889213
3.4620000000000002,1.1100015929305835
3.4630000000000001,0.99845145084375231
3.4640000000000004,0.81503962080876136
3.4650000000000003,0.7358532702986792
3.4660000000000002,0.79967399300232411
3.4670000000000001,0.98748277140295471
3.4680000000000004,1.0002956338730677
3.4690000000000003,-0.23236690916199165
3.4700000000000002,0.016022741941245422
3.4710000000000001,0.25792353903097054
3.4720000000000004,-1.0204999394290437
3.4730000000000003,-0.95412455724964862
3.4740000000000002,-0.9134898467633974
3.4750000000000001,-0.92148158217026443
3.4760000000000004,-0.93566536752354357
3.4770000000000003,-0.97236783123403514
3.4780000000000002,-0.90926674479465153
3.4790000000000001,0.32103773349137643
3.4800000000000004,-0.0042666640443117521
3.4810000000000003,-0.19011602897686886
3.4820000000000002,1.1104666194878583
3.4830000000000001,0.99873009896825171
3.4840000000000004,0.81500853629491998
3.4850000000000003,0.73573254913954633
3.4860000000000002,0.79966709311387141
3.4870000000000001,0.98775801523933038
3.4880000000000004,1.0006151816285009
3.4890000000000003,-0.23305325404305322
3.4900000000000002,0.016009785269050281
3.4910000000000001,0.25851709579947679
3.4920000000000004,-1.0209657413958997
3.4930000000000003,-0.95440333024961266
3.4940000000000002,-0.91346001554454759
3.4950000000000001,-0.92136118659041955
3.4960000000000004,-0.93565883136158401
3.4970000000000003,-0.9726429229329363
3.4980000000000002,-0.90958866321753495
3.4990000000000001,0.32172197661450475
3.5000000000000004,-0.0042535600121418327
3.5010000000000003,-0.19070882101988107
3.5020000000000002,1.1109318736150722
3.5030000000000001,0.99900901577891266
3.5040000000000004,0.81497765861437754
3.5050000000000003,0.7356120513725215
3.5060000000000002,0.79966041471280325
3.5070000000000001,0.98803348762539522
3.5080000000000005,1.0009348635272075
3.5090000000000003,-0.23373965736282809
3.5100000000000002,0.015996794817260684
3.5110000000000001,0.25911067201684979
3.5120000000000005,-1.021431716724706
3.5130000000000003,-0.95468234986432221
3.5140000000000002,-0.91343043855516082
3.5150000000000001,-0.92124104291297537
3.5160000000000005,-0.93565254751016758
3.5170000000000003,-0.97291827504016215
3.5180000000000002,-0.90991079906967243
3.5190000000000001,0.32240625221774166
3.5200000000000005,-0.0042404314816735234
3.5210000000000004,-0.19130161192272266
3.5220000000000002,1.1113973412621938
3.5230000000000001,0.99928820849754008
3.5240000000000005,0.81494708173517305
3.5250000000000004,0.73549182414524539
3.5260000000000002,0.79965401238112155
3.5270000000000001,0.98830921177051134
3.5280000000000005,1.0012547574908879
3.5290000000000004,-0.23442607315977315
3.5300000000000002,0.015983814224968751
3.5310000000000001,0.25970425664386165
3.5320000000000005,-1.0218979201492762
3.5330000000000004,-0.95496154168786052
3.5340000000000003,-0.9134010218008668
3.5350000000000001,-0.92112104099486269
3.5360000000000005,-0.93564640078773487
3.5370000000000004,-0.97319373694156441
3.5380000000000003,-0.91023302665678618
3.5390000000000001,0.3230905820074953
3.5400000000000005,-0.0042273082881083557
3.5410000000000004,-0.19189438133603909
3.5420000000000003,1.1118629612364674
3.5430000000000001,0.9995675480383307
3.5440000000000005,0.81491662842032309
3.5450000000000004,0.73537174880108591
3.5460000000000003,0.79964779262671715
3.5470000000000002,0.98858509886496748
3.5480000000000005,1.0015748012698076
3.5490000000000004,-0.23511249864418593
3.5500000000000003,0.015970814153611124
3.5510000000000002,0.26029775405949296
3.5520000000000005,-1.02236431642057
3.5530000000000004,-0.95524100323543204
3.5540000000000003,-0.91337187608266246
3.5550000000000002,-0.92100132057399753
3.5560000000000005,-0.93564052030137301
3.5570000000000004,-0.97346944558997106
3.5580000000000003,-0.91055544784604658
3.5590000000000002,0.32377483593530854
3.5600000000000005,-0.0042142101699028656
3.5610000000000004,-0.1924871748977357
3.5620000000000003,1.1123287170896641
3.5630000000000002,0.99984705864242018
3.5640000000000005,0.81488635165257994
3.5650000000000004,0.73525182837436065
3.5660000000000003,0.79964170361769271
3.5670000000000002,0.98886114665153957
3.5680000000000005,1.0018949359334952
3.5690000000000004,-0.23579892688291992
3.5700000000000003,0.015957794972096817
3.5710000000000002,0.26089126305488208
3.5720000000000005,-1.0228308201805767
3.5730000000000004,-0.95552058402351148
3.5740000000000003,-0.91334281830101083
3.5750000000000002,-0.92088167091860207
3.5760000000000005,-0.93563471113664387
3.5770000000000004,-0.97374526198568734
3.5780000000000003,-0.91087790635872468
3.5790000000000002,0.32445919736369888
3.5800000000000001,-0.0042010160765645344
3.5810000000000004,-0.19307989092916844
3.5820000000000003,1.1127946089483141
3.5830000000000002,1.0001267419995861
3.5840000000000001,0.8148562210344279
3.5850000000000004,0.7351320342240607
3.5860000000000003,0.79963572397297678
3.5870000000000002,0.98913729964594821
3.5880000000000001,1.0022151756228499
3.5890000000000004,-0.23648535075985933
3.5900000000000003,0.015944810585139857
3.5910000000000002,0.26148480715024935
3.5920000000000001,-1.0232974000083477
3.5930000000000004,-0.95580023166483774
3.5940000000000003,-0.91331385824754729
3.5950000000000002,-0.92076212643720989
3.5960000000000001,-0.93562903867468028
3.5970000000000004,-0.97402117293948498
3.5980000000000003,-0.9112005041209541
3.5990000000000002,0.32514345435927672
3.6000000000000001,-0.0041879554859678425
3.6010000000000004,-0.19367269053297254
3.6020000000000003,1.1132605757831453
3.6030000000000002,1.0004064637110093
3.6040000000000001,0.81482612495651974
3.6050000000000004,0.73501231969971104
3.6060000000000003,0.79962982286128903
3.6070000000000002,0.98941354449022267
3.6080000000000001,1.0025354438611003
3.6090000000000004,-0.23717182832094141
3.6100000000000003,0.015931745671526665
3.6110000000000002,0.26207830060795134
3.6120000000000001,-1.0237640727172119
3.6130000000000004,-0.95607996962974306
3.6140000000000003,-0.91328496337555187
3.6150000000000002,-0.92064262915450357
3.6160000000000001,-0.93562341005586547
3.6170000000000004,-0.97429713323174783
3.6180000000000003,-0.91152307649722519
3.6190000000000002,0.32582784738677084
3.6200000000000001,-0.0041747177211788333
3.6210000000000004,-0.19426539503478579
3.6220000000000003,1.1137266438609394
3.6230000000000002,1.0006863025424468
3.6240000000000001,0.81479615824541529
3.6250000000000004,0.73489271096779263
3.6260000000000003,0.79962403054882014
3.6270000000000002,0.98968985388561947
3.6280000000000001,1.0028557800524815
3.6290000000000004,-0.23785833793992595
3.6300000000000003,0.015918705654163978
3.6310000000000002,0.26267180976367976
3.6320000000000001,-1.0242308106190485
3.6330000000000005,-0.95635979495823842
3.6340000000000003,-0.91325617049001573
3.6350000000000002,-0.92052323207825615
3.6360000000000001,-0.93561785704000899
3.6370000000000005,-0.97457318559192985
3.6380000000000003,-0.91184574144757879
3.6390000000000002,0.32651217735256355
3.6400000000000001,-0.0041615445617232405
3.6410000000000005,-0.19485816094314368
3.6420000000000003,1.1141927265967722
3.6430000000000002,1.000966154145531
3.6440000000000001,0.81476621771597779
3.6450000000000005,0.73477312177923004
3.6460000000000004,0.79961829527483319
3.6470000000000002,0.98996622041900706
3.6480000000000001,1.0031761658228309
3.6490000000000005,-0.23854477393299078
3.6500000000000004,0.015905680070501971
3.6510000000000002,0.26326531843477519
3.6520000000000001,-1.0246975947263679
3.6530000000000005,-0.95663967517600801
3.6540000000000004,-0.91322741515994199
3.6550000000000002,-0.92040387495225895
3.6560000000000001,-0.93561236900600675
3.6570000000000005,-0.97484932459117002
3.6580000000000004,-0.91216848796457561
3.6590000000000003,0.32719652424134138
3.6600000000000001,-0.0041484124821443702
3.6610000000000005,-0.19545094808760821
3.6620000000000004,1.1146588846279075
3.6630000000000003,1.0012461120285874
3.6640000000000001,0.81473635298944047
3.6650000000000005,0.73465360439681027
3.6660000000000004,0.79961257277154818
3.6670000000000003,0.99024263906346943
3.6680000000000001,1.0034966112453081
3.6690000000000005,-0.23923124197401002
3.6700000000000004,0.015892659555040378
3.6710000000000003,0.26385884195722586
3.6720000000000002,-1.0251644300195646
3.6730000000000005,-0.95691961771985012
3.6740000000000004,-0.91319873738332813
3.6750000000000003,-0.92028461788005522
3.6760000000000002,-0.93560693694573349
3.6770000000000005,-0.97512547036420227
3.6780000000000004,-0.91249121452483217
3.6790000000000003,0.32788092433996063
3.6800000000000002,-0.0041352099435727485
3.6810000000000005,-0.19604368394470062
3.6820000000000004,1.1151250645666499
3.6830000000000003,1.0015260974082254
3.6840000000000002,0.81470649945317619
3.6850000000000005,0.734534084865473
3.6860000000000004,0.79960687599743829
3.6870000000000003,0.99051907501926806
3.6880000000000002,1.0038170428666469
3.6890000000000005,-0.23991772717974236
3.6900000000000004,0.015879624149721105
3.6910000000000003,0.26445236263397698
3.6920000000000002,-1.0256312529689939
3.6930000000000005,-0.95719955640922416
3.6940000000000004,-0.91317004177065153
3.6950000000000003,-0.92016532284807284
3.6960000000000002,-0.93560148843074054
3.6970000000000005,-0.97540163065885532
3.6980000000000004,-0.91281397144864707
3.6990000000000003,0.32856528136559893
3.7000000000000002,-0.0041220527629780568
3.7010000000000005,-0.19663645585935052
3.7020000000000004,1.1155912629650016
3.7030000000000003,1.0018060771279507
3.7040000000000002,0.81467665912016529
3.7050000000000005,0.73441458651697678
3.7060000000000004,0.79960117121677798
3.7070000000000003,0.99079548578171139
3.7080000000000002,1.0041374440452009
3.7090000000000005,-0.24060424945691394
3.7100000000000004,0.015866579579861817
3.7110000000000003,0.26504586469207481
3.7120000000000002,-1.0260981103232059
3.7130000000000005,-0.95747948202078037
3.7140000000000004,-0.91314132932115233
3.7150000000000003,-0.92004600293367611
3.7160000000000002,-0.93559605937866186
3.7170000000000005,-0.9756778105098749
3.7180000000000004,-0.91313673197444523
3.7190000000000003,0.32924963595538825
3.7200000000000002,-0.0041089062805512722
3.7210000000000001,-0.19722921641744617
3.7220000000000004,1.1160574868361473
3.7230000000000003,1.0020860852972044
3.7240000000000002,0.81464687371882594
3.7250000000000001,0.73429516533139494
3.7260000000000004,0.79959560663764184
3.7270000000000003,0.99107203608962879
3.7280000000000002,1.0044579874965058
3.7290000000000001,-0.24129074756931723
3.7300000000000004,0.015853528213504497
3.7310000000000003,0.2656393788422009
3.7320000000000002,-1.0265650605282168
3.7330000000000001,-0.95775953485134102
3.7340000000000004,-0.91311274008154353
3.7350000000000003,-0.91992681262338749
3.7360000000000002,-0.93559072014331357
3.7370000000000001,-0.97595405708824545
3.7380000000000004,-0.91345958074365485
3.7390000000000003,0.32993401516102017
3.7400000000000002,-0.0040957127212996047
3.7410000000000001,-0.19782194040910572
3.7420000000000004,1.1165237815740854
3.7430000000000003,1.0023661738776219
3.7440000000000002,0.81461711138879234
3.7450000000000001,0.73417572581770796
3.7460000000000004,0.79958996737673704
3.7470000000000003,0.99134854411849282
3.7480000000000002,1.0047784991213646
3.7490000000000001,-0.24197720787706711
3.7500000000000004,0.015840532393813334
3.7510000000000003,0.26623296968626986
3.7520000000000002,-1.0270319275425752
3.7530000000000001,-0.95803951972748935
3.7540000000000004,-0.91308408035075228
3.7550000000000003,-0.91980755564785155
3.7560000000000002,-0.93558533152271983
3.7570000000000001,-0.97623026138894231
3.7580000000000005,-0.91378237000546636
3.7590000000000003,0.33061844525258455
3.7600000000000002,-0.0040825223635472252
3.7610000000000001,-0.19841467520146594
3.7620000000000005,1.1169900974637534
3.7630000000000003,1.0026462947482675
3.7640000000000002,0.81458737206500631
3.7650000000000001,0.73405632504787088
3.7660000000000005,0.79958442614868397
3.7670000000000003,0.99162508481040768
3.7680000000000002,1.0050989936508135
3.7690000000000001,-0.24266378607883732
3.7700000000000005,0.015827425000391249
3.7710000000000004,0.2668264035972856
3.7720000000000002,-1.0274989388300877
3.7730000000000001,-0.95831962667618109
3.7740000000000005,-0.9130555266351259
3.7750000000000004,-0.91968838695576371
3.7760000000000002,-0.93558000529914431
3.7770000000000001,-0.97650654422484917
3.7780000000000005,-0.91410519867322937
3.7790000000000004,0.33130281993480626
3.7800000000000002,-0.0040693679024207396
3.7810000000000001,-0.19900747010341591
3.7820000000000005,1.1174563687195067
3.7830000000000004,1.0029263531552866
3.7840000000000003,0.81455761036412544
3.7850000000000001,0.73393690466614647
3.7860000000000005,0.79957882491919596
3.7870000000000004,0.99190165686500209
3.7880000000000003,1.0054195560113797
3.7890000000000001,-0.24335026343903787
3.7900000000000005,0.015814426017698335
3.7910000000000004,0.26741994865273433
3.7920000000000003,-1.0279658933267517
3.7930000000000001,-0.95859969541429524
3.7940000000000005,-0.91302695670929934
3.7950000000000004,-0.91956919488782374
3.7960000000000003,-0.93557466645831733
3.7970000000000002,-0.97678279162731607
3.7980000000000005,-0.91442801610341684
3.7990000000000004,0.33198720203391352
3.8000000000000003,-0.0040561741179538924
3.8010000000000002,-0.19960023458947729
3.8020000000000005,1.1179226152342423
3.8030000000000004,1.0032064142901373
3.8040000000000003,0.81452788430651291
3.8050000000000002,0.73381749799039209
3.8060000000000005,0.79957321884518739
3.8070000000000004,0.99217816488615307
3.8080000000000003,1.0057400337226452
3.8090000000000002,-0.24403681821973822
3.8100000000000005,0.015801346461228327
3.8110000000000004,0.26801347715850909
3.8120000000000003,-1.0284328166246823
3.8130000000000002,-0.95887971949350659
3.8140000000000005,-0.9129983197649878
3.8150000000000004,-0.9194500144162896
3.8160000000000003,-0.93556934321660423
3.8170000000000002,-0.97705910738788437
3.8180000000000005,-0.91475091454032176
3.8190000000000004,0.33267157875067865
3.8200000000000003,-0.0040430463247801418
3.8210000000000002,-0.20019308086497178
3.8220000000000005,1.1183889047267475
3.8230000000000004,1.0034865194360756
3.8240000000000003,0.81449810799740407
3.8250000000000002,0.73369808395320768
3.8260000000000005,0.79956762791912661
3.8270000000000004,0.99245468028680472
3.8280000000000003,1.0060605375305558
3.8290000000000002,-0.24472335061428208
3.8300000000000005,0.015788299809014528
3.8310000000000004,0.26860698756006407
3.8320000000000003,-1.0288997976896317
3.8330000000000002,-0.95915978410666469
3.8340000000000005,-0.91296971817623251
3.8350000000000004,-0.91933076984030637
3.8360000000000003,-0.93556395995906405
3.8370000000000002,-0.97733531580806887
3.8380000000000005,-0.91507366484095265
3.8390000000000004,0.33335609359258522
3.8400000000000003,-0.0040297865695236856
3.8410000000000002,-0.20078571619668095
3.8420000000000005,1.1188553189899282
3.8430000000000004,1.0037666920598114
3.8440000000000003,0.81446847987115711
3.8450000000000002,0.73357880269378306
3.8460000000000005,0.79956215738705771
3.8470000000000004,0.99273135892386333
3.8480000000000003,1.0063811759537207
3.8490000000000002,-0.24540983129053651
3.8500000000000005,0.015775281137800468
3.8510000000000004,0.26920053089702134
3.8520000000000003,-1.0293667879531605
3.8530000000000002,-0.95943991714466015
3.8540000000000005,-0.91294120888312769
3.8550000000000004,-0.91921166200200521
3.8560000000000003,-0.93555868728150693
3.8570000000000002,-0.97761165766769187
3.8580000000000001,-0.91539655918348306
3.8590000000000004,0.33404044119680776
3.8600000000000003,-0.00401666342596807
3.8610000000000002,-0.20137853019149576
3.8620000000000001,1.1193215917607786
3.8630000000000004,1.0040467760719731
3.8640000000000003,0.81443872023140784
3.8650000000000002,0.73345937394877647
3.8660000000000001,0.79955656202564485
3.8670000000000004,0.99300790870814515
3.8680000000000003,1.0067016949081955
3.8690000000000002,-0.24609641430402973
3.8700000000000001,0.015762187726333865
3.8710000000000004,0.26979403092650245
3.8720000000000003,-1.0298337837452614
3.8730000000000002,-0.95971998896037958
3.8740000000000001,-0.91291263162987035
3.8750000000000004,-0.91909248247913622
3.8760000000000003,-0.93555336123298927
3.8770000000000002,-0.97788795314568677
3.8780000000000001,-0.91571942341154988
3.8790000000000004,0.33472486387447864
3.8800000000000003,-0.0040034648005145002
3.8810000000000002,-0.20197128128054243
3.8820000000000001,1.1197879508373783
3.8830000000000005,1.0043269308634215
3.8840000000000003,0.81440903436156042
3.8850000000000002,0.73334000254596277
3.8860000000000001,0.79955101881751345
3.8870000000000005,0.99328450481920749
3.8880000000000003,1.0070222618808922
3.8890000000000002,-0.24678298803085275
3.8900000000000001,0.015749145106819018
3.8910000000000005,0.27038757022543847
3.8920000000000003,-1.0303008289801787
3.8930000000000002,-0.96000014273509315
3.8940000000000001,-0.91288413199800622
3.8950000000000005,-0.91897334492902316
3.8960000000000004,-0.93554788369278807
3.8970000000000002,-0.97816425170575438
3.8980000000000001,-0.91604226691791768
3.8990000000000005,0.33540932596769413
3.9000000000000004,-0.0039902684124202281
3.9010000000000002,-0.20256402338148682
3.9020000000000001,1.1202543235282933
3.9030000000000005,1.0046070930292648
3.9040000000000004,0.8143793559906185
3.9050000000000002,0.7332207084402248
3.9060000000000001,0.7995455230278784
3.9070000000000005,0.99356113367896959
3.9080000000000004,1.007342859705042
3.9090000000000003,-0.24746951394870575
3.9100000000000001,0.015736079414910842
3.9110000000000005,0.27098109273098325
3.9120000000000004,-1.0307678351030676
3.9130000000000003,-0.96028024861749262
3.9140000000000001,-0.91285557406933338
3.9150000000000005,-0.91885419850825389
3.9160000000000004,-0.93554263563786877
3.9170000000000003,-0.97844060976464142
3.9180000000000001,-0.91636516766808085
3.9190000000000005,0.33609371950361377
3.9200000000000004,-0.0039771214694334089
3.9210000000000003,-0.20315684896454822
3.9220000000000002,1.1207206495584039
3.9230000000000005,1.0048872336667647
3.9240000000000004,0.81434964271768762
3.9250000000000003,0.7331013479720625
3.9260000000000002,0.79953998050991182
3.9270000000000005,0.99383771010375932
3.9280000000000004,1.0076634219710252
3.9290000000000003,-0.2481560369086675
3.9300000000000002,0.015723065676515935
3.9310000000000005,0.27157465584504281
3.9320000000000004,-1.0312348343684183
3.9330000000000003,-0.96056032569256589
3.9340000000000002,-0.91282698115081695
3.9350000000000005,-0.91873499798252412
3.9360000000000004,-0.93553726629826794
3.9370000000000003,-0.97871685093402727
3.9380000000000002,-0.91668797780146483
3.9390000000000005,0.33677825462249256
3.9400000000000004,-0.0039638379634301391
3.9410000000000003,-0.20374956195933269
3.9420000000000002,1.1211870575642822
3.9430000000000005,1.0051674018113403
3.9440000000000004,0.81431996328186562
3.9450000000000003,0.73298199751208604
3.9460000000000002,0.79953443457916806
3.9470000000000005,0.99411432126905008
3.9480000000000004,1.0079839692860677
3.9490000000000003,-0.24884263044537192
3.9500000000000002,0.01570997807771457
3.9510000000000005,0.27216817148362615
3.9520000000000004,-1.0317018744942461
3.9530000000000003,-0.96084046977536541
3.9540000000000002,-0.91279847414798199
3.9550000000000005,-0.91861587458943761
3.9560000000000004,-0.93553201449702783
3.9570000000000003,-0.97899318891347742
3.9580000000000002,-0.91701084001850586
3.9590000000000005,0.33746267436009658
3.9600000000000004,-0.0039506501829881246
3.9610000000000003,-0.20434235877314111
3.9620000000000002,1.1216533830091544
3.9630000000000005,1.0054475382187107
3.9640000000000004,0.8142902415483253
3.9650000000000003,0.73286260567035544
3.9660000000000002,0.79952888168011671
3.9670000000000005,0.99439092893883785
3.9680000000000004,1.0083045498486214
3.9690000000000003,-0.24952919338978841
3.9700000000000002,0.015696929254782832
3.9710000000000005,0.27276170867523897
3.9720000000000004,-1.0321688859056355
3.9730000000000003,-0.96112056941213764
3.9740000000000002,-0.91276993401074069
3.9750000000000005,-0.91849671102963326
3.9760000000000004,-0.93552672079158095
3.9770000000000003,-0.97926952468455986
3.9780000000000002,-0.91733377134943472
3.9790000000000005,0.33814705486154129
3.9800000000000004,-0.0039375277346366255
3.9810000000000003,-0.20493516898548747
3.9820000000000002,1.1221197331397361
3.9830000000000005,1.0057276709806073
3.9840000000000004,0.81426052553955097
3.9850000000000003,0.73274324310959937
3.9860000000000002,0.79952332647950564
3.9870000000000005,0.99466751695638567
3.9880000000000004,1.0086251081338031
3.9890000000000003,-0.25021576169386484
3.9900000000000002,0.015683883879583971
3.9910000000000005,0.27335527084807898
3.9920000000000004,-1.0326358928750041
3.9930000000000003,-0.96140067318732725
3.9940000000000002,-0.91274130885463955
3.9950000000000001,-0.91837750975796095
3.9960000000000004,-0.93552136825621457
3.9970000000000003,-0.97954582382260358
3.9980000000000002,-0.91765663180565404
3.9990000000000001,0.33883153292655166
4,-0.0039243061819598246
4.0010000000000003,-0.20552792958974631
4.0020000000000007,1.1225861096431153
4.0030000000000001,1.0060078605526723
4.0040000000000004,0.81423085459672895
4.0049999999999999,0.73262388498283393
4.0060000000000002,0.79951779423460523
4.0070000000000006,0.99494411961982188
4.008,1.00894566856035
4.0090000000000003,-0.25090232503854171
4.0100000000000007,0.015670831599621904
4.0110000000000001,0.27394883778513057
4.0120000000000005,-1.0331029083274224
4.0129999999999999,-0.96168079200078027
4.0140000000000002,-0.91271278384001309
4.0150000000000006,-0.91825837998323023
4.016,-0.93551608479177573
4.0170000000000003,-0.97982211289982235
4.0180000000000007,-0.91797944937159692
4.0190000000000001,0.33951599216487693
4.0200000000000005,-0.0039110965021714739
4.0209999999999999,-0.20612072057165154
4.0220000000000002,1.1230524367545962
4.0230000000000006,1.0062879398168287
4.024,0.81420110361904119
4.0250000000000004,0.73250445151832244
4.0260000000000007,0.79951219510404825
4.0270000000000001,0.99522065868437348
4.0280000000000005,1.0092661982456179
4.0289999999999999,-0.25158891862623733
4.0300000000000002,0.015657792966151107
4.0310000000000006,0.27454236531811926
4.032,-1.0335698884409976
4.0330000000000004,-0.96196086196493924
4.0340000000000007,-0.91268418224717274
4.0350000000000001,-0.91813917636676767
4.0360000000000005,-0.93551075409315165
4.0369999999999999,-0.98009848106165076
4.0380000000000003,-0.91830239433790084
4.0390000000000006,0.34020036548351096
4.04,-0.0038979483822849659
4.0410000000000004,-0.2067134806393045
4.0420000000000007,1.1235188313900561
4.0430000000000001,1.0065681407583402
4.0440000000000005,0.81417143616344934
4.0449999999999999,0.73238514166320856
4.0460000000000003,0.79950670405623403
4.0470000000000006,0.99549731812730413
4.048,1.0095867865975272
4.0490000000000004,-0.25227554331870772
4.0500000000000007,0.015644661519617742
4.0510000000000002,0.27513585045863098
4.0520000000000005,-1.0340369792168504
4.0529999999999999,-0.96224103375768122
4.0540000000000003,-0.9126557052727795
4.0550000000000006,-0.91802005450399338
4.056,-0.93550546625018027
4.0570000000000004,-0.98037475168501498
4.0580000000000007,-0.91862524023770598
4.0590000000000002,0.34088486690776176
4.0600000000000005,-0.0038847781238495749
4.0609999999999999,-0.20730633413199417
4.0620000000000003,1.1239851625234099
4.0630000000000006,1.0068482112410977
4.0640000000000001,0.81414164921939014
4.0650000000000004,0.73226570729060614
4.0660000000000007,0.79950107499689027
4.0670000000000002,0.99577384462593566
4.0680000000000005,1.0099073157794236
4.069,-0.25296213301605186
4.0700000000000003,0.015631651727521789
4.0710000000000006,0.27572944089021501
4.0720000000000001,-1.0345039734126948
4.0730000000000004,-0.96252110431274651
4.0740000000000007,-0.91262707961686129
4.0750000000000002,-0.91790087537128384
4.0760000000000005,-0.93550016187079765
4.077,-0.98065107822705955
4.0780000000000003,-0.91894809181737247
4.0790000000000006,0.34156936398119986
4.0800000000000001,-0.0038715394288025839
4.0810000000000004,-0.20789907913005246
4.0820000000000007,1.1244515631759104
4.0830000000000002,1.0071284500638831
4.0840000000000005,0.81411201962021984
4.085,0.73214638640380614
4.0860000000000003,0.79949560795761332
4.0870000000000006,0.99605051537143297
4.0880000000000001,1.0102279345380563
4.0890000000000004,-0.25364873076460681
4.0900000000000007,0.015618537863518522
4.0910000000000002,0.27632294144737046
4.0920000000000005,-1.0349710864018458
4.093,-0.96280131992026718
4.0940000000000003,-0.91259861168004364
4.0950000000000006,-0.91778177429292662
4.0960000000000001,-0.93549490705175453
4.0970000000000004,-0.98092745769049716
4.0980000000000008,-0.91927102799672433
4.0990000000000002,0.34225380163581354
4.1000000000000005,-0.0038583697259408911
4.101,-0.20849186560660449
4.1020000000000003,1.1249179978977462
4.1030000000000006,1.0074086821460932
4.1040000000000001,0.81408240765059559
4.1050000000000004,0.73202711684636057
4.1060000000000008,0.79949013617001741
4.1070000000000002,0.99632719228106337
4.1080000000000005,1.010548564751542
4.109,-0.25433533394849217
4.1100000000000003,0.015605475594564155
4.1110000000000007,0.27691651729635969
4.1120000000000001,-1.0354381812550639
4.1130000000000004,-0.96308148663798265
4.1140000000000008,-0.91257012331008225
4.1150000000000002,-0.91766267029380399
4.1160000000000005,-0.9354896740161337
4.117,-0.98120384962565588
4.1180000000000003,-0.91959398514120938
4.1190000000000007,0.34293828845477603
4.1200000000000001,-0.0038451507825887354
4.1210000000000004,-0.20908467152097521
4.1220000000000008,1.1253843971583524
4.1230000000000002,1.0076888003343096
4.1240000000000006,0.81405266127937559
4.125,0.73190769732114602
4.1260000000000003,0.79948457257857086
4.1270000000000007,0.99660377382688881
4.1280000000000001,1.0108691253643758
4.1290000000000004,-0.25502188965356809
4.1300000000000008,0.015592451039112776
4.1310000000000002,0.27751013858417339
4.1320000000000006,-1.0359051302424951
4.133,-0.96336154636235749
4.1340000000000003,-0.91254148881000741
4.1350000000000007,-0.91754342525972343
4.1360000000000001,-0.93548428945476592
4.1370000000000005,-0.98148005937728011
4.1379999999999999,-0.91991672979670946
4.1390000000000002,0.34362284996956904
4.1400000000000006,-0.0038319339242810502
4.141,-0.20967744216408946
4.1420000000000003,1.1258507628477341
4.1430000000000007,1.0079689663844271
4.1440000000000001,0.81402296010480235
4.1450000000000005,0.73178830832858932
4.1459999999999999,0.79947901587420611
4.1470000000000002,0.99688039409305629
4.1480000000000006,1.0111897024373329
4.149,-0.25570850457199223
4.1500000000000004,0.015579366214395152
4.1510000000000007,0.27810365203751319
4.1520000000000001,-1.0363722310527552
4.1530000000000005,-0.9636417284977471
4.1539999999999999,-0.91251299542356157
4.1550000000000002,-0.91742430279481435
4.1560000000000006,-0.93547901835993708
4.157,-0.98175644560273478
4.1580000000000004,-0.92023968561737246
4.1590000000000007,0.34430728876766836
4.1600000000000001,-0.0038187666550191235
4.1610000000000005,-0.21027027545477261
4.1619999999999999,1.1263171863263741
4.1630000000000003,1.0082491563514697
4.1640000000000006,0.81399326844993802
4.165,0.73166894809267802
4.1660000000000004,0.79947346536788044
4.1670000000000007,0.99715699699249261
4.1680000000000001,1.0115102479008584
4.1690000000000005,-0.25639520190905096
4.1699999999999999,0.01556627857234183
4.1710000000000003,0.27869723085506082
4.1720000000000006,-1.0368392723259108
4.173,-0.96392183464025027
4.1740000000000004,-0.91248440480840576
4.1750000000000007,-0.9173051186146074
4.1760000000000002,-0.93547369854943629
4.1770000000000005,-0.9820327875151349
4.1779999999999999,-0.92056255081307281
4.1790000000000003,0.34499184537875816
4.1800000000000006,-0.0038055313273538394
4.181,-0.2108630568053429
4.1820000000000004,1.1267836195217262
4.1830000000000007,1.0085293511429925
4.1840000000000002,0.81396359206894664
4.1850000000000005,0.73154962117836597
4.1859999999999999,0.79946797882274434
4.1870000000000003,0.99743365311816157
4.1880000000000006,1.0118308889590035
4.1890000000000001,-0.25708177439990787
4.1900000000000004,0.015553226098040884
4.1910000000000007,0.27929079108628829
4.1920000000000002,-1.0373063525385513
4.1930000000000005,-0.96420204483497807
4.194,-0.9124559414203306
4.1950000000000003,-0.9171860151658453
4.1960000000000006,-0.93546844253494865
4.1970000000000001,-0.98230913868668202
4.1980000000000004,-0.92088544658035265
4.1990000000000007,0.34567630139334593
4.2000000000000002,-0.00379234912490789
4.2010000000000005,-0.21145587983049974
4.202,1.1272499850230644
4.2030000000000003,1.0088095268898623
4.2040000000000006,0.81393390823353806
4.2050000000000001,0.73143024938131873
4.2060000000000004,0.79946243271731166
4.2070000000000007,0.99771023436744755
4.2080000000000002,1.0121514418620505
4.2090000000000005,-0.25776835080036753
4.21,0.015540230351269058
4.2110000000000003,0.27988442625139209
4.2120000000000006,-1.0377733165390899
4.2130000000000001,-0.96448204383273028
4.2140000000000004,-0.91242725056504237
4.2150000000000007,-0.91706675555579975
4.2160000000000002,-0.93546308608259277
4.2170000000000005,-0.98258544184325602
4.218,-0.92120833642483391
4.2190000000000003,0.34636084219566066
4.2200000000000006,-0.0037791239030147139
4.2210000000000001,-0.21204866247818599
4.2220000000000004,1.1277163958575236
4.2230000000000008,1.0090896656551038
4.2240000000000002,0.81390415923225712
4.2250000000000005,0.73131085837106768
4.226,0.79945689676764475
4.2270000000000003,0.99798688680880965
4.2280000000000006,1.0124720518811658
4.2290000000000001,-0.25845499136224082
4.2300000000000004,0.015527135933434244
4.2310000000000008,0.28047797136961095
4.2320000000000002,-1.0382404378085361
4.2330000000000005,-0.96476229928550983
4.234,-0.91239882563026864
4.2350000000000003,-0.91694766489743851
4.2360000000000007,-0.93545782372977571
4.2370000000000001,-0.98286179066763402
4.2380000000000004,-0.92153124229211125
4.2390000000000008,0.34704533245217473
4.2400000000000002,-0.0037659180044131713
4.2410000000000005,-0.21264148490531964
4.242,1.1281828184947877
4.2430000000000003,1.0093698821809465
4.2440000000000007,0.81387451423972912
4.2450000000000001,0.73119152003892862
4.2460000000000004,0.79945136694924279
4.2470000000000008,0.99826352345991909
4.2480000000000002,1.0127926201508752
4.2490000000000006,-0.25914170107208712
4.25,0.01551395568659375
4.2510000000000003,0.28107144275509255
4.2520000000000007,-1.0387075964742882
4.2530000000000001,-0.9650424459785637
4.2540000000000004,-0.91237026904097207
4.2550000000000008,-0.91682851539860188
4.2560000000000002,-0.93545256777504793
4.2570000000000006,-0.98313818123917729
4.258,-0.92185415601825238
4.2590000000000003,0.34772984467994561
4.2600000000000007,-0.0037527582559984118
4.2610000000000001,-0.21323433733108121
4.2620000000000005,1.1286492439821882
4.2630000000000008,1.0096500351269895
4.2640000000000002,0.81384478761680512
4.2650000000000006,0.73107211417594875
4.266,0.79944581410521787
4.2670000000000003,0.9985401281433125
4.2680000000000007,1.0131131905794684
4.2690000000000001,-0.25982832809131318
4.2700000000000005,0.015500935986683007
4.2709999999999999,0.28166505244848972
4.2720000000000002,-1.039174593526617
4.2730000000000006,-0.96532253955821989
4.274,-0.91234168648897995
4.2750000000000004,-0.91670930591509336
4.2760000000000007,-0.93544720304262496
4.2770000000000001,-0.9834145037696016
4.2780000000000005,-0.9221770156013962
4.2789999999999999,0.34841441992437139
4.2800000000000002,-0.0037394665355953149
4.2810000000000006,-0.21382706146575059
4.282,1.1291156928041413
4.2830000000000004,1.0099302652633766
4.2840000000000007,0.81381511837246123
4.2850000000000001,0.73095277595614505
4.2860000000000005,0.79944029769998337
4.2869999999999999,0.99881676319796631
4.2880000000000003,1.0134338054598711
4.2890000000000006,-0.26051495347700815
4.29,0.015487921299185858
4.2910000000000004,0.28225868982457258
4.2920000000000007,-1.0396416765743266
4.2930000000000001,-0.96560269597001713
4.2940000000000005,-0.91231318017000285
4.2949999999999999,-0.91659017838963108
4.2960000000000003,-0.93544196161862869
4.2970000000000006,-0.9836908652391857
4.298,-0.92249994983055672
4.2990000000000004,0.34909891898130185
4.3000000000000007,-0.0037263093216538534
4.3010000000000002,-0.2144199551886915
4.3020000000000005,1.1295820966812757
4.3029999999999999,1.0102104885655694
4.3040000000000003,0.813785466691197
4.3050000000000006,0.73083344741034018
4.306,0.79943479772568204
4.3070000000000004,0.99909343440636711
4.3080000000000007,1.0137543839333749
4.3090000000000002,-0.26120166176630899
4.3100000000000005,0.015474770547894035
4.3109999999999999,0.28285220126299593
4.3120000000000003,-1.0401087980775938
4.3130000000000006,-0.96588292018783539
4.3140000000000001,-0.91228465661338465
4.3150000000000004,-0.91647103968335153
4.3160000000000007,-0.93543667125528107
4.3170000000000002,-0.98396725454159562
4.3180000000000005,-0.92282285883164628
4.319,0.34978340873092939
4.3200000000000003,-0.003713106131643551
4.3210000000000006,-0.21501274693348704
4.3220000000000001,1.1300485344720439
4.3230000000000004,1.010490661020121
4.3240000000000007,0.81375574908586734
4.3250000000000002,0.73071404733742473
4.3260000000000005,0.79942923451852854
4.327,0.99937001717999563
4.3280000000000003,1.0140749301744498
4.3290000000000006,-0.26188841109969185
4.3300000000000001,0.015461654979167183
4.3310000000000004,0.2834458169669597
4.3320000000000007,-1.0405758887967971
4.3330000000000002,-0.96616305562391558
4.3340000000000005,-0.91225607239230966
4.335,-0.91635180553722662
4.3360000000000003,-0.93543132498449544
4.3370000000000006,-0.98424351735177318
4.3380000000000001,-0.92314571632503528
4.3390000000000004,0.3504680062176021
4.3400000000000007,-0.0036998607722646959
4.3410000000000002,-0.2156055141632861
4.3420000000000005,1.1305149685658922
4.343,1.0107708625878986
4.3440000000000003,0.81372609604892332
4.3450000000000006,0.73059474130768853
4.3460000000000001,0.79942373605221573
4.3470000000000004,0.99964669812626072
4.3480000000000008,1.014395595833371
4.3490000000000002,-0.26257498034879667
4.3500000000000005,0.015448627590820441
4.351,0.28403940222896484
4.3520000000000003,-1.0410429739242826
4.3530000000000006,-0.9664432017949236
4.3540000000000001,-0.91222753198173478
4.3550000000000004,-0.91623267968880606
4.3560000000000008,-0.9354260425322275
4.3570000000000002,-0.98451985725312152
4.3580000000000005,-0.92346861257462187
4.359,0.35115253614162301
4.3600000000000003,-0.0036866847893987087
4.3610000000000007,-0.21619833830663715
4.3620000000000001,1.1309813889754921
4.3630000000000004,1.0110510431420823
4.3640000000000008,0.81369637970699382
4.3650000000000002,0.73047535266127706
4.3660000000000005,0.79941821672380853
4.367,0.99992336919076585
4.3680000000000003,1.0147162481598628
4.3690000000000007,-0.26326162861736302
4.3700000000000001,0.015435582247949498
4.3710000000000004,0.28463302984692707
4.3720000000000008,-1.0415100839892917
4.3730000000000002,-0.96672340276763735
4.3740000000000006,-0.91219902870071556
4.375,-0.91611354088845831
4.3760000000000003,-0.93542078234449
4.3770000000000007,-0.98479625895103096
4.3780000000000001,-0.9237915681977118
4.3790000000000004,0.35183707830116073
4.3800000000000008,-0.0036734993904178337
4.3810000000000002,-0.2167911974419312
4.3820000000000006,1.1314478352585324
4.383,1.011331292459295
4.3840000000000003,0.81366673168559633
4.3850000000000007,0.73035602988783388
4.3860000000000001,0.79941272512651362
4.3870000000000005,1.0002000402320901
4.3880000000000008,1.0150368665773684
4.3890000000000002,-0.26394827460880255
4.3900000000000006,0.015422518382816164
4.391,0.28522664422660371
4.3920000000000003,-1.0419771731901499
4.3930000000000007,-0.96700355756077128
4.3940000000000001,-0.9121704844465115
4.3950000000000005,-0.91599438668140687
4.3960000000000008,-0.93541546313861135
4.3970000000000002,-0.98507254036456404
4.3980000000000006,-0.92411436296961846
4.399,0.35252172331318765
4.4000000000000004,-0.0036601865662688748
4.4010000000000007,-0.21738392983913268
4.4020000000000001,1.1319142986831547
4.4030000000000005,1.0116115007437867
4.4040000000000008,0.81363700656747273
4.4050000000000002,0.7302366154557367
4.4060000000000006,0.79940713943003405
4.407,1.000476633232688
4.4080000000000004,1.0153574143361186
4.4090000000000007,-0.26463502506642322
4.4100000000000001,0.01540938141789483
4.4110000000000005,0.28582018653234142
4.4119999999999999,-1.0424442760288128
4.4130000000000003,-0.96728373107228416
4.4140000000000006,-0.91214196611292997
4.415,-0.91587526049082779
4.4160000000000004,-0.93541020209081283
4.4170000000000007,-0.98534898225340761
4.4180000000000001,-0.92443735685347861
4.4190000000000005,0.35320618896068479
4.4199999999999999,-0.0036470142412864393
4.4210000000000003,-0.21797678442544022
4.4220000000000006,1.1323807499520944
4.423,1.0118917231215867
4.4240000000000004,0.81360739698074314
4.4250000000000007,0.73011731611095965
4.4260000000000002,0.79940167107251758
4.4270000000000005,1.0007533088968006
4.4279999999999999,1.0156780224160116
4.4290000000000003,-0.26532169654130366
4.4300000000000006,0.015396316291518719
4.431,0.28641377652362521
4.4320000000000004,-1.0429113987431182
4.4330000000000007,-0.96756391584629231
4.4340000000000002,-0.91211341013225611
4.4350000000000005,-0.91575606930267983
4.4359999999999999,-0.93540491315129071
4.4370000000000003,-0.98562531443900636
4.4380000000000006,-0.92476024266237655
4.4390000000000001,0.3538907652992922
4.4400000000000004,-0.0036338280726571082
4.4410000000000007,-0.21856964138739254
4.4420000000000002,1.1328471519012071
4.4430000000000005,1.0121718719826631
4.444,0.81357763669495775
4.4450000000000003,0.72999787620608014
4.4460000000000006,0.79939607450292827
4.4470000000000001,1.0010299049122502
4.4480000000000004,1.0159985864196774
4.4490000000000007,-0.26600839597676129
4.4500000000000002,0.015383232635198918
4.4510000000000005,0.28700739356833171
4.452,-1.0433784667061645
4.4530000000000003,-0.96784403696126042
4.4540000000000006,-0.9120848250934499
4.4550000000000001,-0.91563685584124477
4.4560000000000004,-0.93539956574372984
4.4570000000000007,-0.9859016331928715
4.4580000000000002,-0.92508317434898835
4.4590000000000005,0.35457532110646273
4.46,-0.0036206449319321488
4.4610000000000003,-0.21916253408479935
4.4620000000000006,1.1333135829325771
4.4630000000000001,1.0124520589289094
4.4640000000000004,0.8135479536512813
4.4650000000000007,0.72987850992803693
4.4660000000000002,0.79939056144415876
4.4670000000000005,1.0013065709799878
4.468,1.0163191861314114
4.4690000000000003,-0.26669514223463264
4.4700000000000006,0.015370113701672738
4.4710000000000001,0.287600960242126
4.4720000000000004,-1.0438455997606122
4.4730000000000008,-0.96812423385590507
4.4740000000000002,-0.91205632598381126
4.4750000000000005,-0.91551771833053441
4.476,-0.93539429362996107
4.4770000000000003,-0.98617799883732216
4.4780000000000006,-0.9254060228656853
4.4790000000000001,0.35525996077366562
4.4800000000000004,-0.0036073435802310705
4.4810000000000008,-0.21975529977240693
4.4820000000000002,1.133780058143826
4.4830000000000005,1.0127322483724641
4.484,0.81351821945675962
4.4850000000000003,0.72975913353234656
4.4860000000000007,0.7993850080605972
4.4870000000000001,1.0015831670115496
4.4880000000000004,1.0166398097539735
4.4890000000000008,-0.26738179345562552
4.4900000000000002,0.015357071650420995
4.4910000000000005,0.28819456199165561
4.492,-1.0443127048741996
4.4930000000000003,-0.96840439435109482
4.4940000000000007,-0.91202779232881692
4.4950000000000001,-0.91539858163359655
4.4960000000000004,-0.93538902146209102
4.4970000000000008,-0.98645441953614288
4.4980000000000002,-0.92572902411021796
4.4990000000000006,0.35594446382151679
4.5,-0.0035942174522342052
4.5010000000000003,-0.22034824571709011
4.5020000000000007,1.1342464785899562
4.5030000000000001,1.0130124523871968
4.5040000000000004,0.81348853111376229
4.5050000000000008,0.72963973603137555
4.5060000000000002,0.79937947640146767
4.5070000000000006,1.0018598321496575
4.508,1.0169603727878729
4.5090000000000003,-0.26806853062809533
4.5100000000000007,0.015343972818527507
4.5110000000000001,0.2887881767442585
4.5120000000000005,-1.0447797961254472
4.5130000000000008,-0.96868453419970035
4.5140000000000002,-0.91199918358355414
4.5150000000000006,-0.91527936860899861
4.516,-0.93538372727476948
4.5170000000000003,-0.98673075559116419
4.5180000000000007,-0.92605186052649791
4.5190000000000001,0.3566291222504403
4.5200000000000005,-0.0035809455210171759
4.5210000000000008,-0.22094098769861836
4.5220000000000002,1.1347130011815021
4.5230000000000006,1.0132926776238746
4.524,0.8134588459140708
4.5250000000000004,0.72952038981226852
4.5260000000000007,0.79937392178450284
4.5270000000000001,1.0021364327015623
4.5280000000000005,1.0172809355145436
4.5290000000000008,-0.26875528210894495
4.5300000000000002,0.015330838283722947
4.5310000000000006,0.28938173597506056
